{"current":{"color_scheme":"light","dark_mode_toggle":false,"type_header_font":"archivo_narrow_n4","heading_h0_scale":131,"heading_h1_scale":104,"heading_h2_scale":100,"heading_h3_scale":108,"heading_h4_scale":111,"heading_h5_scale":120,"type_header_letter_spacing":-0.2,"type_header_line_height":1.2,"font_header_text_transform":"uppercase","type_header_font_card":"archivo_narrow_n4","type_header_card_text_transform":"uppercase","heading_scale_card":190,"type_header_card_letter_spacing":-0.2,"type_text_font_card":"archivo_narrow_n4","text_scale_card":166,"type_prcie_font_card":"roboto_mono_n5","price_scale_card":150,"type_badge_font":"roboto_mono_n5","badge_scale":120,"badge_letter_spacing":0.4,"type_body_font":"archivo_narrow_n4","body_scale":160,"body_scale_s":120,"body_scale_m":140,"type_body_line_height":1.4,"type_subtitle_font":"archivo_narrow_n4","subtitle_scale":120,"subtitle_letter_spacing":0.4,"type_button_font":"roboto_mono_n5","button_text_transform":"uppercase","button_scale":120,"button_letter_spacing":0.4,"button_border_radius":4,"type_header_menu_font":"archivo_narrow_n4","type_footer_menu_font":"archivo_narrow_n4","type_footer_menu_font_scale":120,"type_popups_heading_font":"laurentian_n4","type_popups_text_font":"roboto_mono_n4","popup_heading_scale":100,"popup_text_scale":180,"notification_heading_scale":150,"notification_text_scale":220,"on_hover":"slider","badge_sale_show":true,"badge_soldout_show":false,"badge_custom_show":true,"badge_custom_background_color":"#060606","badge_custom_text_color":"#fdfdfd","badge_sale_type":"percentage","social_facebook_link":"https:\/\/facebook.com\/basement_88","social_instagram_link":"https:\/\/instagram.com\/basement_88","social_tiktok_link":"https:\/\/tiktok.com\/@basement_88","favicon":"shopify:\/\/shop_images\/MFA_2.png","quick_full_height":true,"quickview_button_type":"none","quickview_button_layout":"static","show_on_mobile":true,"search_collection_list":["balenciaga","dolce-gabbana","palm-angels"],"pagination_type":"pagination","button_style":"tertiary","cart_type":"drawer","show_cart_note_drawer":true,"show_shipping":false,"message_shipping":"ENJOY FREE WORLDWIDE SHIPPING","min_spend":"","message_shipping_free":"ENJOY FREE WORLDWIDE SHIPPING","account_type":"drawer","account_description":"Access your account to view your order history.","border_radius":4,"show_back_to_top":true,"show_breadcrumbs":true,"button_animation":false,"sections":{"main-password-header":{"type":"main-password-header","settings":{"logo":"shopify:\/\/shop_images\/BASEMENT_88_1.png","logo_max_width":100,"color_scheme":""}},"main-password-footer":{"type":"main-password-footer","settings":{"color_scheme":""}}},"content_for_index":[],"blocks":{"855628211100114053":{"type":"shopify:\/\/apps\/klaviyo-email-marketing-sms\/blocks\/klaviyo-onsite-embed\/2632fe16-c075-4321-a88b-50b567f42507","disabled":false,"settings":{}},"1232542678405107163":{"type":"shopify:\/\/apps\/instafeed\/blocks\/head-block\/c447db20-095d-4a10-9725-b5977662c9d5","disabled":false,"settings":{}},"6615124273980966592":{"type":"shopify:\/\/apps\/chatty\/blocks\/app-embed\/1c0e135d-e8e1-4fe2-86be-1c36def46675","disabled":true,"settings":{}},"15623156175785154009":{"type":"shopify:\/\/apps\/qikify-smart-menu-mega-menu\/blocks\/app-embed\/19d2f1cd-1836-4a32-8937-03df3c601dc8","disabled":false,"settings":{}},"2118589882331710876":{"type":"shopify:\/\/apps\/essential-trust-badges\/blocks\/app-embed\/0ff65b25-07e1-408e-950f-f54dd3d1751b","disabled":false,"settings":{}},"8922932426027934017":{"type":"shopify:\/\/apps\/rt-size-chart-size-guide\/blocks\/app-embed\/13a9207b-9080-4ce4-b513-4b68a085eadb","disabled":false,"settings":{}},"15405363926663611884":{"type":"shopify:\/\/apps\/trustview\/blocks\/app_embed_script\/bda8b0f7-273b-4b6e-ab43-02c3fec9d11a","disabled":false,"settings":{"widget_language":"en-US"}},"11158620501380966596":{"type":"shopify:\/\/apps\/trustz\/blocks\/trustz\/539d151e-77d2-4b39-b20d-fbce59dc78c7","disabled":false,"settings":{}}},"color_schemes":{"background-1":{"settings":{"colors_text":"#060606","colors_secondary_text":"#5f5f5f","colors_text_title":"#060606","colors_background_1":"#fdfdfd","colors_background_2":"#f5f5f5","background_gradient":"","colors_primary_button_labels":"#fdfdfd","colors_primary_button_labels_hover":"#fdfdfd","colors_primary_button_background":"#060606","colors_primary_button_background_hover":"#383838","colors_secondary_button_labels":"#ffffff","colors_secondary_button_labels_hover":"#ffffff","colors_secondary_button_background":"#988c63","colors_secondary_button_background_hover":"#837663","colors_tertiary_button_labels":"#060606","colors_tertiary_button_labels_hover":"#383838","colors_input_background":"#f5f5f5","colors_input_border":"#e7e7e7","colors_input_hover_border":"#e7e7e7","colors_input_hover_background":"#fafafa","color_badge_text":"#fdfdfd","color_badge_background":"#060606","colors_background_overlay":"#060606","color_border":"#5f5f5f","color_accent":"#060606","color_emphasis":"#ea1616"}},"background-2":{"settings":{"colors_text":"#fdfdfd","colors_secondary_text":"#fdfdfd","colors_text_title":"#fdfdfd","colors_background_1":"#060606","colors_background_2":"#171717","background_gradient":"","colors_primary_button_labels":"#060606","colors_primary_button_labels_hover":"#060606","colors_primary_button_background":"#f5f5f5","colors_primary_button_background_hover":"#dddddd","colors_secondary_button_labels":"#ffffff","colors_secondary_button_labels_hover":"#ffffff","colors_secondary_button_background":"#988c63","colors_secondary_button_background_hover":"#b49b76","colors_tertiary_button_labels":"#f5f5f5","colors_tertiary_button_labels_hover":"#f5f5f5","colors_input_background":"#ffffff","colors_input_border":"#ffffff","colors_input_hover_border":"#ffffff","colors_input_hover_background":"#fbfbfb","color_badge_text":"#fdfdfd","color_badge_background":"#060606","colors_background_overlay":"#141414","color_border":"#eaeaea","color_accent":"#ffffff","color_emphasis":"#ea1616"}},"background-3":{"settings":{"colors_text":"#060606","colors_secondary_text":"#696969","colors_text_title":"#060606","colors_background_1":"#f8f8f8","colors_background_2":"#f4eee9","background_gradient":"","colors_primary_button_labels":"#fdfdfd","colors_primary_button_labels_hover":"#fdfdfd","colors_primary_button_background":"#060606","colors_primary_button_background_hover":"#5f5f5f","colors_secondary_button_labels":"#ffffff","colors_secondary_button_labels_hover":"#ffffff","colors_secondary_button_background":"#988c63","colors_secondary_button_background_hover":"#837663","colors_tertiary_button_labels":"#060606","colors_tertiary_button_labels_hover":"#060606","colors_input_background":"#f4eee9","colors_input_border":"#dbd8cf","colors_input_hover_border":"#dbd8cf","colors_input_hover_background":"#f4eee9","color_badge_text":"#fdfdfd","color_badge_background":"#060606","colors_background_overlay":"#141414","color_border":"#dbd8cf","color_accent":"#988c63","color_emphasis":"#ea1616"}}}},"presets":{"Outsiders":{"color_scheme":"light","type_header_font":"newsreader_n4","heading_h0_scale":131,"heading_h3_scale":108,"heading_h4_scale":111,"heading_h5_scale":120,"type_header_letter_spacing":-0.3,"type_header_line_height":1.2,"type_header_font_card":"newsreader_n4","heading_scale_card":190,"type_header_card_letter_spacing":-0.3,"type_text_font_card":"roboto_mono_n4","text_scale_card":120,"type_body_font":"roboto_mono_n4","body_scale":160,"type_subtitle_font":"roboto_mono_n5","subtitle_scale":120,"type_button_font":"roboto_mono_n5","type_header_menu_font":"roboto_mono_n5","type_footer_menu_font":"roboto_mono_n5","type_popups_heading_font":"newsreader_n4","type_popups_text_font":"roboto_mono_n4","on_hover":"slider","quick_full_height":true,"quickview_button_layout":"hover","cart_type":"drawer","show_cart_note_drawer":true,"account_description":"Access your account to view order history and manage preferences","sections":{"main-password-header":{"type":"main-password-header","settings":{"logo_max_width":100,"color_scheme":""}},"main-password-footer":{"type":"main-password-footer","settings":{"color_scheme":""}}},"content_for_index":[],"color_schemes":{"background-1":{"settings":{"colors_text":"#060606","colors_secondary_text":"#5f5f5f","colors_text_title":"#060606","colors_background_1":"#fdfdfd","colors_background_2":"#f5f5f5","background_gradient":"","colors_primary_button_labels":"#fdfdfd","colors_primary_button_labels_hover":"#fdfdfd","colors_primary_button_background":"#060606","colors_primary_button_background_hover":"#383838","colors_secondary_button_labels":"#ffffff","colors_secondary_button_labels_hover":"#ffffff","colors_secondary_button_background":"#988c63","colors_secondary_button_background_hover":"#837663","colors_tertiary_button_labels":"#060606","colors_tertiary_button_labels_hover":"#383838","colors_input_background":"#f5f5f5","colors_input_border":"#e7e7e7","colors_input_hover_border":"#e7e7e7","colors_input_hover_background":"#fafafa","color_badge_text":"#fdfdfd","color_badge_background":"#060606","colors_background_overlay":"#060606","color_border":"#5f5f5f","color_accent":"#060606","color_emphasis":"#ea1616"}},"background-2":{"settings":{"colors_text":"#fdfdfd","colors_secondary_text":"#fdfdfd","colors_text_title":"#fdfdfd","colors_background_1":"#060606","colors_background_2":"#171717","background_gradient":"","colors_primary_button_labels":"#060606","colors_primary_button_labels_hover":"#060606","colors_primary_button_background":"#f5f5f5","colors_primary_button_background_hover":"#dddddd","colors_secondary_button_labels":"#ffffff","colors_secondary_button_labels_hover":"#ffffff","colors_secondary_button_background":"#988c63","colors_secondary_button_background_hover":"#b49b76","colors_tertiary_button_labels":"#f5f5f5","colors_tertiary_button_labels_hover":"#f5f5f5","colors_input_background":"#ffffff","colors_input_border":"#ffffff","colors_input_hover_border":"#ffffff","colors_input_hover_background":"#fbfbfb","color_badge_text":"#fdfdfd","color_badge_background":"#060606","colors_background_overlay":"#141414","color_border":"#eaeaea","color_accent":"#ffffff","color_emphasis":"#ea1616"}},"background-3":{"settings":{"colors_text":"#060606","colors_secondary_text":"#696969","colors_text_title":"#060606","colors_background_1":"#f8f8f8","colors_background_2":"#f4eee9","background_gradient":"","colors_primary_button_labels":"#fdfdfd","colors_primary_button_labels_hover":"#fdfdfd","colors_primary_button_background":"#060606","colors_primary_button_background_hover":"#5f5f5f","colors_secondary_button_labels":"#ffffff","colors_secondary_button_labels_hover":"#ffffff","colors_secondary_button_background":"#988c63","colors_secondary_button_background_hover":"#837663","colors_tertiary_button_labels":"#060606","colors_tertiary_button_labels_hover":"#060606","colors_input_background":"#f4eee9","colors_input_border":"#dbd8cf","colors_input_hover_border":"#dbd8cf","colors_input_hover_background":"#f4eee9","color_badge_text":"#fdfdfd","color_badge_background":"#060606","colors_background_overlay":"#141414","color_border":"#dbd8cf","color_accent":"#988c63","color_emphasis":"#ea1616"}}}},"Rebels":{"type_header_font":"oswald_n5","heading_h0_scale":119,"heading_h1_scale":100,"heading_h2_scale":100,"heading_h3_scale":108,"heading_h4_scale":111,"heading_h5_scale":107,"type_header_letter_spacing":-0.4,"type_header_line_height":1.2,"font_header_text_transform":"uppercase","type_header_font_card":"oswald_n5","heading_scale_card":180,"type_header_card_letter_spacing":-0.4,"type_text_font_card":"syne_n4","text_scale_card":120,"type_prcie_font_card":"syne_n6","price_scale_card":140,"type_badge_font":"syne_n7","badge_scale":100,"badge_letter_spacing":0.6,"type_body_font":"syne_n4","body_scale":160,"body_scale_s":140,"body_scale_m":150,"type_body_line_height":1.5,"type_subtitle_font":"syne_n7","subtitle_scale":110,"subtitle_letter_spacing":0.6,"type_button_font":"syne_n7","button_scale":110,"button_letter_spacing":0.6,"button_border_radius":0,"type_header_menu_font":"syne_n7","type_footer_menu_font":"syne_n7","type_footer_menu_font_scale":100,"type_popups_heading_font":"oswald_n5","type_popups_text_font":"syne_n4","on_hover":"slider","pagination_type":"load_more","button_style":"primary","cart_type":"drawer","account_description":"Access your account to view order history and manage preferences","border_radius":0,"content_for_index":[],"color_schemes":{"background-1":{"settings":{"colors_text":"#060606","colors_secondary_text":"#5f5f5f","colors_text_title":"#060606","colors_background_1":"#fdfdfd","colors_background_2":"#f5f5f5","background_gradient":"","colors_primary_button_labels":"#fdfdfd","colors_primary_button_labels_hover":"#fdfdfd","colors_primary_button_background":"#060606","colors_primary_button_background_hover":"#5f5f5f","colors_secondary_button_labels":"#ffffff","colors_secondary_button_labels_hover":"#ffffff","colors_secondary_button_background":"#988c63","colors_secondary_button_background_hover":"#837663","colors_tertiary_button_labels":"#060606","colors_tertiary_button_labels_hover":"#060606","colors_input_background":"#f5f5f5","colors_input_border":"#e7e7e7","colors_input_hover_border":"#e7e7e7","colors_input_hover_background":"#fafafa","color_badge_text":"#fdfdfd","color_badge_background":"#060606","colors_background_overlay":"#060606","color_border":"#5f5f5f","color_accent":"#060606","color_emphasis":"#6c7d00"}},"background-2":{"settings":{"colors_text":"#fdfdfd","colors_secondary_text":"#fdfdfd","colors_text_title":"#fdfdfd","colors_background_1":"#6c7d00","colors_background_2":"#171717","background_gradient":"","colors_primary_button_labels":"#060606","colors_primary_button_labels_hover":"#060606","colors_primary_button_background":"#f5f5f5","colors_primary_button_background_hover":"#dddddd","colors_secondary_button_labels":"#ffffff","colors_secondary_button_labels_hover":"#ffffff","colors_secondary_button_background":"#988c63","colors_secondary_button_background_hover":"#b49b76","colors_tertiary_button_labels":"#f5f5f5","colors_tertiary_button_labels_hover":"#f5f5f5","colors_input_background":"#ffffff","colors_input_border":"#ffffff","colors_input_hover_border":"#ffffff","colors_input_hover_background":"#fbfbfb","color_badge_text":"#fdfdfd","color_badge_background":"#060606","colors_background_overlay":"#141414","color_border":"#eaeaea","color_accent":"#ffffff","color_emphasis":"#ea1616"}},"background-3":{"settings":{"colors_text":"#fdfdfd","colors_secondary_text":"#fdfdfd","colors_text_title":"#fdfdfd","colors_background_1":"#060606","colors_background_2":"#f4eee9","background_gradient":"","colors_primary_button_labels":"#060606","colors_primary_button_labels_hover":"#060606","colors_primary_button_background":"#f5f5f5","colors_primary_button_background_hover":"#dddddd","colors_secondary_button_labels":"#ffffff","colors_secondary_button_labels_hover":"#ffffff","colors_secondary_button_background":"#988c63","colors_secondary_button_background_hover":"#837663","colors_tertiary_button_labels":"#17324e","colors_tertiary_button_labels_hover":"#17324e","colors_input_background":"#f4eee9","colors_input_border":"#dbd8cf","colors_input_hover_border":"#dbd8cf","colors_input_hover_background":"#f4eee9","color_badge_text":"#fdfdfd","color_badge_background":"#060606","colors_background_overlay":"#141414","color_border":"#dbd8cf","color_accent":"#988c63","color_emphasis":"#6c7d00"}}}},"Misfits":{"type_header_font":"archivo_n6","heading_h0_scale":131,"heading_h3_scale":100,"heading_h4_scale":111,"heading_h5_scale":120,"type_header_letter_spacing":-0.5,"type_header_line_height":1.2,"font_header_text_transform":"uppercase","type_header_font_card":"archivo_n6","type_header_card_text_transform":"uppercase","heading_scale_card":190,"type_header_card_letter_spacing":-0.4,"type_text_font_card":"archivo_n4","text_scale_card":120,"type_prcie_font_card":"archivo_n5","price_scale_card":140,"type_badge_font":"archivo_n5","badge_letter_spacing":0,"type_body_font":"archivo_n4","body_scale":160,"type_body_line_height":1.5,"type_subtitle_font":"archivo_n6","subtitle_scale":130,"subtitle_letter_spacing":-0.2,"type_button_font":"archivo_n7","button_letter_spacing":-0.2,"button_border_radius":0,"type_header_menu_font":"archivo_n5","type_footer_menu_font":"archivo_n5","type_popups_heading_font":"archivo_n6","type_popups_text_font":"archivo_n4","popup_heading_scale":100,"popup_text_scale":100,"notification_heading_scale":100,"notification_text_scale":100,"on_hover":"slider","quick_full_height":false,"cart_type":"drawer","account_description":"Access your account to view order history and manage preferences","border_radius":0,"sections":{"main-password-header":{"type":"main-password-header","settings":{"logo_max_width":100,"color_scheme":""}},"main-password-footer":{"type":"main-password-footer","settings":{"color_scheme":""}}},"content_for_index":[],"color_schemes":{"background-1":{"settings":{"colors_text":"#060606","colors_secondary_text":"#5f5f5f","colors_text_title":"#060606","colors_background_1":"#fdfdfd","colors_background_2":"#f5f5f5","background_gradient":"","colors_primary_button_labels":"#fdfdfd","colors_primary_button_labels_hover":"#fdfdfd","colors_primary_button_background":"#060606","colors_primary_button_background_hover":"#5f5f5f","colors_secondary_button_labels":"#ffffff","colors_secondary_button_labels_hover":"#ffffff","colors_secondary_button_background":"#988c63","colors_secondary_button_background_hover":"#837663","colors_tertiary_button_labels":"#060606","colors_tertiary_button_labels_hover":"#060606","colors_input_background":"#f5f5f5","colors_input_border":"#e7e7e7","colors_input_hover_border":"#e7e7e7","colors_input_hover_background":"#fafafa","color_badge_text":"#fdfdfd","color_badge_background":"#060606","colors_background_overlay":"#060606","color_border":"#5f5f5f","color_accent":"#060606","color_emphasis":"#3d2df4"}},"background-2":{"settings":{"colors_text":"#fdfdfd","colors_secondary_text":"#fdfdfd","colors_text_title":"#fdfdfd","colors_background_1":"#060606","colors_background_2":"#282828","background_gradient":"","colors_primary_button_labels":"#060606","colors_primary_button_labels_hover":"#060606","colors_primary_button_background":"#f5f5f5","colors_primary_button_background_hover":"#dddddd","colors_secondary_button_labels":"#ffffff","colors_secondary_button_labels_hover":"#ffffff","colors_secondary_button_background":"#988c63","colors_secondary_button_background_hover":"#b49b76","colors_tertiary_button_labels":"#f5f5f5","colors_tertiary_button_labels_hover":"#f5f5f5","colors_input_background":"#ffffff","colors_input_border":"#ffffff","colors_input_hover_border":"#ffffff","colors_input_hover_background":"#fbfbfb","color_badge_text":"#fdfdfd","color_badge_background":"#060606","colors_background_overlay":"#141414","color_border":"#505050","color_accent":"#ffffff","color_emphasis":"#3d2df4"}},"background-3":{"settings":{"colors_text":"#ffffff","colors_secondary_text":"#ffffff","colors_text_title":"#ffffff","colors_background_1":"#3d2df4","colors_background_2":"#f4eee9","background_gradient":"","colors_primary_button_labels":"#ffffff","colors_primary_button_labels_hover":"#ffffff","colors_primary_button_background":"#17324e","colors_primary_button_background_hover":"#08192b","colors_secondary_button_labels":"#ffffff","colors_secondary_button_labels_hover":"#ffffff","colors_secondary_button_background":"#988c63","colors_secondary_button_background_hover":"#837663","colors_tertiary_button_labels":"#17324e","colors_tertiary_button_labels_hover":"#17324e","colors_input_background":"#f4eee9","colors_input_border":"#dbd8cf","colors_input_hover_border":"#dbd8cf","colors_input_hover_background":"#f4eee9","color_badge_text":"#fdfdfd","color_badge_background":"#060606","colors_background_overlay":"#141414","color_border":"#dbd8cf","color_accent":"#988c63","color_emphasis":"#ea1616"}}}},"Wrong":{"type_header_font":"poppins_n8","heading_h0_scale":200,"heading_h1_scale":108,"heading_h2_scale":105,"heading_h3_scale":108,"heading_h4_scale":111,"heading_h5_scale":106,"type_header_letter_spacing":-0.2,"type_header_line_height":1.2,"font_header_text_transform":"uppercase","type_header_font_card":"poppins_n7","heading_scale_card":180,"type_text_font_card":"dm_sans_n4","text_scale_card":120,"type_prcie_font_card":"dm_sans_n7","price_scale_card":140,"type_badge_font":"dm_sans_n7","badge_letter_spacing":0.8,"type_body_font":"dm_sans_n4","body_scale":160,"type_body_line_height":1.5,"type_subtitle_font":"dm_sans_n7","subtitle_scale":120,"subtitle_letter_spacing":0.8,"type_button_font":"dm_sans_n7","button_text_transform":"none","button_scale":140,"button_letter_spacing":-0.2,"type_header_menu_font":"dm_sans_n7","type_footer_menu_font":"dm_sans_n7","type_popups_heading_font":"poppins_n8","type_popups_text_font":"dm_sans_n4","on_hover":"slider","pagination_type":"infinite_scroll","cart_type":"drawer","account_description":"Access your account to view order history and manage preferences","content_for_index":[],"color_schemes":{"background-1":{"settings":{"colors_text":"#060606","colors_secondary_text":"#5f5f5f","colors_text_title":"#060606","colors_background_1":"#fdfdfd","colors_background_2":"#f5f5f5","background_gradient":"","colors_primary_button_labels":"#fdfdfd","colors_primary_button_labels_hover":"#fdfdfd","colors_primary_button_background":"#060606","colors_primary_button_background_hover":"#5f5f5f","colors_secondary_button_labels":"#ffffff","colors_secondary_button_labels_hover":"#ffffff","colors_secondary_button_background":"#988c63","colors_secondary_button_background_hover":"#837663","colors_tertiary_button_labels":"#060606","colors_tertiary_button_labels_hover":"#060606","colors_input_background":"#f5f5f5","colors_input_border":"#e7e7e7","colors_input_hover_border":"#e7e7e7","colors_input_hover_background":"#fafafa","color_badge_text":"#fdfdfd","color_badge_background":"#060606","colors_background_overlay":"#060606","color_border":"#5f5f5f","color_accent":"#060606","color_emphasis":"#7d39ec"}},"background-2":{"settings":{"colors_text":"#fdfdfd","colors_secondary_text":"#fdfdfd","colors_text_title":"#fdfdfd","colors_background_1":"#060606","colors_background_2":"#171717","background_gradient":"","colors_primary_button_labels":"#060606","colors_primary_button_labels_hover":"#060606","colors_primary_button_background":"#f5f5f5","colors_primary_button_background_hover":"#dddddd","colors_secondary_button_labels":"#ffffff","colors_secondary_button_labels_hover":"#ffffff","colors_secondary_button_background":"#988c63","colors_secondary_button_background_hover":"#b49b76","colors_tertiary_button_labels":"#f5f5f5","colors_tertiary_button_labels_hover":"#f5f5f5","colors_input_background":"#ffffff","colors_input_border":"#ffffff","colors_input_hover_border":"#ffffff","colors_input_hover_background":"#fbfbfb","color_badge_text":"#fdfdfd","color_badge_background":"#060606","colors_background_overlay":"#141414","color_border":"#eaeaea","color_accent":"#ffffff","color_emphasis":"#7d39ec"}},"background-3":{"settings":{"colors_text":"#fdfdfd","colors_secondary_text":"#fdfdfd","colors_text_title":"#fdfdfd","colors_background_1":"#7d39ec","colors_background_2":"#f4eee9","background_gradient":"","colors_primary_button_labels":"#ffffff","colors_primary_button_labels_hover":"#ffffff","colors_primary_button_background":"#17324e","colors_primary_button_background_hover":"#08192b","colors_secondary_button_labels":"#ffffff","colors_secondary_button_labels_hover":"#ffffff","colors_secondary_button_background":"#988c63","colors_secondary_button_background_hover":"#837663","colors_tertiary_button_labels":"#17324e","colors_tertiary_button_labels_hover":"#17324e","colors_input_background":"#f4eee9","colors_input_border":"#dbd8cf","colors_input_hover_border":"#dbd8cf","colors_input_hover_background":"#f4eee9","color_badge_text":"#fdfdfd","color_badge_background":"#060606","colors_background_overlay":"#141414","color_border":"#dbd8cf","color_accent":"#988c63","color_emphasis":"#ea1616"}}}},"Eccentrics":{"type_header_font":"bricolage_grotesque_n5","heading_h0_scale":100,"heading_h1_scale":108,"heading_h3_scale":112,"heading_h4_scale":111,"heading_h5_scale":106,"type_header_letter_spacing":-0.5,"type_header_line_height":1.2,"type_header_font_card":"bricolage_grotesque_n5","heading_scale_card":200,"type_header_card_letter_spacing":-0.5,"type_text_font_card":"roboto_mono_n4","text_scale_card":120,"type_body_font":"roboto_mono_n4","body_scale":160,"type_subtitle_font":"roboto_mono_n5","subtitle_scale":120,"type_button_font":"roboto_mono_n5","type_header_menu_font":"roboto_mono_n5","type_footer_menu_font":"roboto_mono_n5","type_popups_heading_font":"bricolage_grotesque_n5","type_popups_text_font":"roboto_mono_n4","popup_heading_scale":110,"on_hover":"slider","cart_type":"drawer","content_for_index":[],"color_schemes":{"background-1":{"settings":{"colors_text":"#060606","colors_secondary_text":"#5f5f5f","colors_text_title":"#060606","colors_background_1":"#fdfdfd","colors_background_2":"#f5f5f5","background_gradient":"","colors_primary_button_labels":"#fdfdfd","colors_primary_button_labels_hover":"#fdfdfd","colors_primary_button_background":"#060606","colors_primary_button_background_hover":"#5f5f5f","colors_secondary_button_labels":"#ffffff","colors_secondary_button_labels_hover":"#ffffff","colors_secondary_button_background":"#988c63","colors_secondary_button_background_hover":"#837663","colors_tertiary_button_labels":"#060606","colors_tertiary_button_labels_hover":"#060606","colors_input_background":"#f5f5f5","colors_input_border":"#e7e7e7","colors_input_hover_border":"#e7e7e7","colors_input_hover_background":"#fafafa","color_badge_text":"#fdfdfd","color_badge_background":"#060606","colors_background_overlay":"#060606","color_border":"#5f5f5f","color_accent":"#060606","color_emphasis":"#5f5f5f"}},"background-2":{"settings":{"colors_text":"#fdfdfd","colors_secondary_text":"#fdfdfd","colors_text_title":"#fdfdfd","colors_background_1":"#060606","colors_background_2":"#171717","background_gradient":"","colors_primary_button_labels":"#060606","colors_primary_button_labels_hover":"#060606","colors_primary_button_background":"#f5f5f5","colors_primary_button_background_hover":"#dddddd","colors_secondary_button_labels":"#ffffff","colors_secondary_button_labels_hover":"#ffffff","colors_secondary_button_background":"#988c63","colors_secondary_button_background_hover":"#b49b76","colors_tertiary_button_labels":"#f5f5f5","colors_tertiary_button_labels_hover":"#f5f5f5","colors_input_background":"#ffffff","colors_input_border":"#ffffff","colors_input_hover_border":"#ffffff","colors_input_hover_background":"#fbfbfb","color_badge_text":"#fdfdfd","color_badge_background":"#060606","colors_background_overlay":"#141414","color_border":"#eaeaea","color_accent":"#ffffff","color_emphasis":"#ea1616"}},"background-3":{"settings":{"colors_text":"#060606","colors_secondary_text":"#5f5f5f","colors_text_title":"#060606","colors_background_1":"#f5f5f5","colors_background_2":"#f4eee9","background_gradient":"","colors_primary_button_labels":"#ffffff","colors_primary_button_labels_hover":"#ffffff","colors_primary_button_background":"#060606","colors_primary_button_background_hover":"#5f5f5f","colors_secondary_button_labels":"#ffffff","colors_secondary_button_labels_hover":"#ffffff","colors_secondary_button_background":"#988c63","colors_secondary_button_background_hover":"#837663","colors_tertiary_button_labels":"#060606","colors_tertiary_button_labels_hover":"#060606","colors_input_background":"#f4eee9","colors_input_border":"#dbd8cf","colors_input_hover_border":"#dbd8cf","colors_input_hover_background":"#f4eee9","color_badge_text":"#fdfdfd","color_badge_background":"#060606","colors_background_overlay":"#141414","color_border":"#5f5f5f","color_accent":"#988c63","color_emphasis":"#5f5f5f"}}}}},"platform_customizations":{"custom_css":[]}}