{"type":"footer","name":"t:sections.footer.settings.footer-group.label","sections":{"1739208250ce7e4da3":{"type":"apps","blocks":{"instafeed_app_block_eNQ9Fb":{"type":"shopify:\/\/apps\/instafeed\/blocks\/app-block\/c447db20-095d-4a10-9725-b5977662c9d5","settings":{"title":"FOLLOW US ON INSTAGRAM","title_color":"#fdfdfd","title_size":20,"alignment":"center","margin_top":15,"margin_bottom":15,"background_color":"#060606","feed_id":"","html_area":""}}},"block_order":["instafeed_app_block_eNQ9Fb"],"settings":{"include_margins":true}},"footer":{"type":"footer","blocks":{"subscribe_fEhkec":{"type":"subscribe","settings":{"heading":"RECEIVE UPDATES & OFFERS","button_label":"Subscribe","button_link":"","button_style":"primary","button_arrow":false,"privacy_consent":true,"newsletter_sub":"<p>Be first to hear about new products, events and offers by joining our email list.<\/p>"}},"footer-1":{"type":"link_list","settings":{"heading":"CUSTOMER CARE","menu":"customer-care"}},"link_list_tfdLXT":{"type":"link_list","settings":{"heading":"COMPANY  INFO","menu":"company"}},"link_list_4N9VTg":{"type":"link_list","settings":{"heading":"MORE STUFF","menu":"more-stuff"}}},"block_order":["subscribe_fEhkec","footer-1","link_list_tfdLXT","link_list_4N9VTg"],"settings":{"color_scheme":"","show_logo":true,"logo":"shopify:\/\/shop_images\/BASEMENT_88_1.png","logo_2":"shopify:\/\/shop_images\/BASEMENT_88_5.png","logo_width":260,"enable_language_selector":true,"enable_country_selector":false,"enable_follow_on_shop":true,"payment_enable":true,"show_policy":false,"show_social":true,"copyright_show":true,"margin_top":"no-indent","padding_top":"s","padding_bottom":"s","enable_border_top":true,"enable_border_bottom":true}}},"order":["1739208250ce7e4da3","footer"]}