{"type":"header","name":"t:sections.header.settings.header-group.label","sections":{"announcement_bar_6mpRM3":{"type":"announcement-bar","settings":{"height":40,"color_scheme":"","text":"<p>ENJOY FREE WORLDWIDE SHIPPING 🌎 📦<\/p>"}},"header":{"type":"header","blocks":{"mega_menu_collection_hgcafQ":{"type":"mega_menu_collection","disabled":true,"settings":{"menu_trigger":"MEN","first_promo_trigger":"MENS JACKETS","image_1":"shopify:\/\/shop_images\/reversible-fabric-trench-coat_2338351f-51f2-4bf2-9f4e-4b26ba6b6614.jpg","second_promo_trigger":"MENS COATS","image_2":"shopify:\/\/shop_images\/moncler-palm-angels-trouser_ba7d408a-3a9b-431d-a1fc-38669edaf517.jpg","third_promo_trigger":"MENS VESTS & GILETS","image_3":"shopify:\/\/shop_images\/wrap-gilet.jpg","fourth_promo_trigger":"MENS SWEATSHIRTS & HOODIES","image_4":"shopify:\/\/shop_images\/logo-hoodie_499dfffe-c52a-4c78-9f9a-b1ba5c260080.jpg","fifth_promo_trigger":"MENS KNITWEAR","image_5":"shopify:\/\/shop_images\/wavy-gg-cotton-jumper.jpg","sixth_promo_trigger":"MENS SUITS","image_6":"shopify:\/\/shop_images\/double-breasted-wool-suit_941e232e-ca86-4a8d-acf8-c88410aa17c7.jpg","seventh_promo_trigger":"MENS SHIRTS","eighth_promo_trigger":"MENS T-SHIRTS","ninth_promo_trigger":"MENS POLO SHIRTS","tenth_promo_trigger":"MENS JEANS"}}},"block_order":["mega_menu_collection_hgcafQ"],"settings":{"full_width":true,"height":65,"color_scheme_bg":"","header_enable_border_bottom":false,"logo":"shopify:\/\/shop_images\/BASEMENT_88_1.png","logo_2":"shopify:\/\/shop_images\/BASEMENT_88_5.png","logo_width":200,"header_overlay":true,"header_overlay_with_background":false,"scroll_color":false,"menu":"main-menu","color_scheme":"","enable_country_selector":false,"enable_language_selector":true,"sticky_header_type":"always","logo_position":"center","enable_search":true}}},"order":["announcement_bar_6mpRM3","header"]}