{"sections":{"main":{"type":"main-article","blocks":{"title":{"type":"article-header","settings":{"color_scheme":"","button_sticky":true,"image":"shopify:\/\/shop_images\/miu-miu-wonder_5d315763-cf80-402c-a1f7-080d631790a8.jpg","button_label":"SHOP NEW MIU MIU","button_link":"","button_style":"primary"}}},"block_order":["title"],"settings":{"header_variant":"overlay","section_layout":"full","image_size":"small","blog_show_scroll":true,"blog_show_tags":true,"blog_show_author":false,"blog_show_excerpt":true,"blog_show_date":true,"show_share_facebook":true,"show_share_twitter":true,"show_share_pinterest":true,"show_share_copy":true,"margin_top":"no-indent","margin_bottom":"s"}}},"order":["main"]}