{"sections":{"main-cart":{"type":"main-cart","blocks":{"main-cart-items":{"type":"main-cart-items","settings":{"image_fit":"cover"}},"main-cart-footer":{"type":"main-cart-footer","settings":{"show_cart_note":false}}},"block_order":["main-cart-items","main-cart-footer"],"settings":{"margin_top":"s","margin_bottom":"s"}},"products_grid_3MzywC":{"type":"products-grid","settings":{"heading":"YOU MIGHT LIKE","description":"","alignment":"center","products_per_page":8,"sort":"date_reversed","show_two_cards":false,"show_secondary_image":true,"show_sku":false,"show_vendor":true,"show_desc":false,"show_color_swatch":false,"image_ratio":"portrait","image_fit":"cover","padding_top":"m","padding_bottom":"m"}}},"order":["main-cart","products_grid_3MzywC"]}