{"sections":{"banner":{"type":"main-collection-banner","settings":{"collection_list":[],"add_word":"Collection","show_word":false,"show_collection_description":true,"description_products":"","image_size":"landscape","show_collection_image":false}},"product-grid":{"type":"main-collection-product-grid","settings":{"products_per_page":6,"show_two_cards":true,"show_secondary_image":true,"show_sku":false,"show_vendor":true,"show_desc":false,"show_color_swatch":false,"product_variant_type":"color","image_ratio":"portrait","image_fit":"cover","color_scheme":"","enable_filtering":true,"filter_type":"horizontal","enable_per_row_button":true,"default_per_row":"small","enable_sorting":true,"image_filter_ratio":"4\/5","image_filter_fit":"cover","image_filter_columns":4,"padding_top":"no-indent","padding_bottom":"l"}},"newsletter_XhR6Rd":{"type":"newsletter","settings":{"color_scheme":"","position":"left","heading":"NEW STOCK? BE FIRST TO KNOW.","text":"<p>Receive updates for new items and bag them before anyone else.<\/p>","newsletter_text":"<p>By subscribing you accept our <a href=\"\/pages\/privacy-policy\" title=\"PRIVACY POLICY\">Privacy Policy<\/a>.<\/p>","button_style":"primary","margin_top":"no-indent","margin_bottom":"s","padding_top":"no-indent","padding_bottom":"no-indent"}},"brands_JdXmGB":{"type":"brands","blocks":{"logo_AGA6Gp":{"type":"logo","settings":{"image_1":"shopify:\/\/shop_images\/Bottega-Veneta-Logo-Basement-88.png","image_width":100,"brand_link":""}},"logo_gn4bUP":{"type":"logo","settings":{"image_1":"shopify:\/\/shop_images\/Palm-Angels-Logo-Basement-88.png","image_width":100,"brand_link":""}},"logo_YMcBqw":{"type":"logo","settings":{"image_1":"shopify:\/\/shop_images\/Balenciaga-Logo-Basement-88.png","image_width":100,"brand_link":""}},"logo_b6UCCb":{"type":"logo","settings":{"image_1":"shopify:\/\/shop_images\/Dolce-_-Gabbana-Logo-Basement-88.png","image_width":100,"brand_link":""}},"logo_CxERra":{"type":"logo","settings":{"image_1":"shopify:\/\/shop_images\/Off-White-Logo-Basement-88.png","image_width":100,"brand_link":""}},"logo_hwPVEV":{"type":"logo","settings":{"image_1":"shopify:\/\/shop_images\/y3-Logo-Basement-88.png","image_width":100,"brand_link":""}},"logo_DkTRgV":{"type":"logo","settings":{"image_1":"shopify:\/\/shop_images\/CP-Company-Logo-Basement-88.png","image_width":100,"brand_link":""}},"logo_4CF33P":{"type":"logo","settings":{"image_1":"shopify:\/\/shop_images\/Dior-Logo-Basement-88.png","image_width":100,"brand_link":""}},"logo_pRM9NF":{"type":"logo","settings":{"image_1":"shopify:\/\/shop_images\/Gucci-Logo-Basement-88.png","image_width":100,"brand_link":""}},"logo_JT8D7X":{"type":"logo","settings":{"image_1":"shopify:\/\/shop_images\/Louis-Vuitton-Logo-Basement-88.png","image_width":100,"brand_link":""}},"logo_bWiKH4":{"type":"logo","settings":{"image_1":"shopify:\/\/shop_images\/Loewe-Logo-Basement-88.png","image_width":100,"brand_link":""}},"logo_Fy9FX9":{"type":"logo","settings":{"image_1":"shopify:\/\/shop_images\/Moncler-Logo-Basement-88.png","image_width":100,"brand_link":""}},"logo_LxNww7":{"type":"logo","settings":{"image_1":"shopify:\/\/shop_images\/Raf-Simons-Logo-Basement-88.png","image_width":100,"brand_link":""}},"logo_CA7VQF":{"type":"logo","settings":{"image_1":"shopify:\/\/shop_images\/Saint-Laurent-Logo-Basement-88.png","image_width":100,"brand_link":""}}},"block_order":["logo_AGA6Gp","logo_gn4bUP","logo_YMcBqw","logo_b6UCCb","logo_CxERra","logo_hwPVEV","logo_DkTRgV","logo_4CF33P","logo_pRM9NF","logo_JT8D7X","logo_bWiKH4","logo_Fy9FX9","logo_LxNww7","logo_CA7VQF"],"settings":{"ticker_speed":25,"margin_top":"xs","margin_bottom":"xs"}},"slider_with_info_pmWUxx":{"type":"slider-with-info","blocks":{"image_block_nbtWi9":{"type":"image_block","settings":{"image":"shopify:\/\/shop_images\/tank-dress-in-tulle_604ae934-afa1-4845-9af4-022ee711ed6d.jpg"}},"image_block_geKh8K":{"type":"image_block","settings":{"image":"shopify:\/\/shop_images\/pequin-cotton-blouse.jpg"}},"image_block_TwTFJ9":{"type":"image_block","settings":{"image":"shopify:\/\/shop_images\/activewear-leggings-in-matte-spandex.jpg"}},"image_block_Pm3neF":{"type":"image_block","settings":{"image":"shopify:\/\/shop_images\/melange-tailored-blazer_f8ae921a-93d8-4f56-95b4-d89f59d421a6.jpg"}},"image_block_7TDEaA":{"type":"image_block","settings":{"image":"shopify:\/\/shop_images\/classic-oversized-denim-shirt_24158564-0913-4fad-aae8-a9f35565ca06.jpg"}},"heading_block_mwkipf":{"type":"heading_block","settings":{"heading":"OVER 40,000 PRODUCTS","description":"<p>Browse leading fashion brands and get the look today.<\/p><p>We stock thousands of unique items from industry-defining designers, but once they're gone, <em>they're gone<\/em>.<\/p>","subheading":"SHOP NOW"}}},"block_order":["image_block_nbtWi9","image_block_geKh8K","image_block_TwTFJ9","image_block_Pm3neF","image_block_7TDEaA","heading_block_mwkipf"],"settings":{"section_header_type":"type2","enable_border_top":true,"subheading":"","heading":"LEADING FASHION. LIMITED PIECES.","description":"","button_label":"","button_link":"","button_style":"primary","button_arrow":false,"is_autoplay":true,"stop_autoplay":true,"show_arrows":true,"slideshow_speed":1.1,"slideshow_delay":3,"image_ratio":"portrait","margin_top":"s","margin_bottom":"s"}},"17392096783286d83a":{"type":"apps","blocks":{"essential_trust_badges_app_block_mX9NnL":{"type":"shopify:\/\/apps\/essential-trust-badges\/blocks\/app-block\/0ff65b25-07e1-408e-950f-f54dd3d1751b","settings":{"banner_display":"all","banner_id":""}}},"block_order":["essential_trust_badges_app_block_mX9NnL"],"settings":{"include_margins":true}},"1739209635fd7fd4bf":{"type":"apps","settings":{"include_margins":true}}},"order":["banner","product-grid","newsletter_XhR6Rd","brands_JdXmGB","slider_with_info_pmWUxx","17392096783286d83a","1739209635fd7fd4bf"]}