{"sections":{"banner":{"type":"main-collection-banner","disabled":true,"settings":{"collection_list":[],"add_word":"Collection","show_word":false,"show_collection_description":false,"description_products":"hdhdhdhdh","image_size":"square","show_collection_image":false}},"rich_text_PqAKc6":{"type":"rich-text","blocks":{"subheading_7TNEFk":{"type":"subheading","settings":{"subheading":"SHOP","animation":false}},"heading_HNRBGY":{"type":"heading","settings":{"heading":"{{ collection.title }}","heading_size":"h2"}}},"block_order":["subheading_7TNEFk","heading_HNRBGY"],"settings":{"color_scheme":"","full_width":true,"content_horizontal":"center","margin_top":"s","margin_bottom":"s","padding_top":"s","padding_bottom":"s"}},"product-grid":{"type":"main-collection-product-grid","settings":{"products_per_page":15,"show_two_cards":false,"show_secondary_image":true,"show_sku":false,"show_vendor":true,"show_desc":false,"show_color_swatch":false,"product_variant_type":"color","image_ratio":"portrait","image_fit":"cover","color_scheme":"","enable_filtering":true,"filter_type":"vertical","enable_per_row_button":true,"default_per_row":"small","enable_sorting":true,"image_filter_ratio":"4\/5","image_filter_fit":"cover","image_filter_columns":3,"padding_top":"no-indent","padding_bottom":"l"}},"slider_with_info_Pc4XGy":{"type":"slider-with-info","blocks":{"image_block_yBw4Tq":{"type":"image_block","settings":{"image":"shopify:\/\/shop_images\/burning-logo-iphone-15-pro-max-case_d4b97150-eeb5-439e-ac5f-484f47968ce7.jpg"}},"image_block_87g9tV":{"type":"image_block","settings":{"image":"shopify:\/\/shop_images\/purple-hill-scented-candle-refill-for-il-seguace-190-gr_d290d905-31f2-412f-b5d0-32828b959eaf.jpg"}},"image_block_EdtdLb":{"type":"image_block","settings":{"image":"shopify:\/\/shop_images\/shower-towel-with-logo_f572ad77-b3b0-46b4-bf80-7ecad1f8b98f.jpg"}},"image_block_rjzXmQ":{"type":"image_block","settings":{"image":"shopify:\/\/shop_images\/l-amante-candle-holder.jpg"}},"image_block_yAnVmK":{"type":"image_block","settings":{"image":"shopify:\/\/shop_images\/summer-kit-beauty-kit.jpg"}},"image_block_cypaMK":{"type":"image_block","settings":{"image":"shopify:\/\/shop_images\/mattel-70-years-of-innovation-and-play_08e03f99-8a64-4604-91af-f9398a9aa769.jpg"}},"heading_block_3htztw":{"type":"heading_block","settings":{"heading":"OVER 40,000 PRODUCTS","description":"<p>We stock thousands of unique items from industry-defining designers and manufacturers, but once they're gone, <em>they're gone<\/em>.<\/p>","subheading":"SHOP NOW"}}},"block_order":["image_block_yBw4Tq","image_block_87g9tV","image_block_EdtdLb","image_block_rjzXmQ","image_block_yAnVmK","image_block_cypaMK","heading_block_3htztw"],"settings":{"section_header_type":"type2","enable_border_top":true,"subheading":"","heading":"LUXURY LIFESTYLE PRODUCTS","description":"","button_label":"SHOP ALL","button_link":"shopify:\/\/collections\/all","button_style":"primary","button_arrow":true,"is_autoplay":true,"stop_autoplay":true,"show_arrows":true,"slideshow_speed":1.1,"slideshow_delay":3,"image_ratio":"portrait","margin_top":"s","margin_bottom":"s"}},"17392096783286d83a":{"type":"apps","blocks":{"essential_trust_badges_app_block_mX9NnL":{"type":"shopify:\/\/apps\/essential-trust-badges\/blocks\/app-block\/0ff65b25-07e1-408e-950f-f54dd3d1751b","settings":{"banner_display":"all","banner_id":""}}},"block_order":["essential_trust_badges_app_block_mX9NnL"],"settings":{"include_margins":true}},"1739209635fd7fd4bf":{"type":"apps","settings":{"include_margins":true}},"products_grid_XwKqcQ":{"type":"products-grid","settings":{"heading":"NEW CLOTHING","description":"<p>EXPLORE NEW DESIGNER PRODUCTS<\/p>","alignment":"center","products_per_page":4,"sort":"date_reversed","show_two_cards":false,"show_secondary_image":true,"show_sku":false,"show_vendor":true,"show_desc":false,"show_color_swatch":false,"image_ratio":"portrait","image_fit":"contain","padding_top":"s","padding_bottom":"s"}}},"order":["banner","rich_text_PqAKc6","product-grid","slider_with_info_Pc4XGy","17392096783286d83a","1739209635fd7fd4bf","products_grid_XwKqcQ"]}