{"sections":{"banner":{"type":"main-collection-banner","disabled":true,"settings":{"collection_list":[],"add_word":"Collection","show_word":false,"show_collection_description":false,"description_products":"","image_size":"landscape","show_collection_image":false}},"collection_grid_TNeaa9":{"type":"collection-grid","blocks":{"categories_dATzfU":{"type":"categories","settings":{"collection":"3x1","button_label":"Button label","button_link":"shopify:\/\/collections\/3x1","button_arrow":true,"column_start":1,"column_end":2,"row_start":"unset","row_end":"unset"}},"categories_KQkGKr":{"type":"categories","settings":{"collection":"3-juin","button_label":"Button label","button_link":"shopify:\/\/collections\/3-juin","button_arrow":true,"column_start":2,"column_end":3,"row_start":"1","row_end":"2"}},"categories_3qEDD3":{"type":"categories","settings":{"collection":"apc","button_label":"Button label","button_link":"shopify:\/\/collections\/apc","button_arrow":true,"column_start":4,"column_end":5,"row_start":"1","row_end":"2"}},"categories_RXBPw7":{"type":"categories","settings":{"collection":"44-label-group","button_label":"Button label","button_link":"shopify:\/\/collections\/44-label-group","button_arrow":true,"column_start":3,"column_end":4,"row_start":"1","row_end":"2"}},"categories_JeHGCc":{"type":"categories","settings":{"collection":"a-paper-kid","button_label":"Button label","button_link":"shopify:\/\/collections\/a-paper-kid","button_arrow":true,"column_start":1,"column_end":2,"row_start":"2","row_end":"2"}},"categories_teg4yj":{"type":"categories","settings":{"collection":"acne-studios","button_label":"Button label","button_link":"shopify:\/\/collections\/acne-studios","button_arrow":true,"column_start":2,"column_end":3,"row_start":"2","row_end":"2"}},"categories_xV3EHK":{"type":"categories","settings":{"collection":"adidas-x-wales-bonner","button_label":"Button label","button_link":"shopify:\/\/collections\/adidas-x-wales-bonner","button_arrow":true,"column_start":3,"column_end":4,"row_start":"2","row_end":"2"}},"categories_BArrtH":{"type":"categories","settings":{"collection":"aesop","button_label":"Button label","button_link":"shopify:\/\/collections\/aesop","button_arrow":true,"column_start":4,"column_end":5,"row_start":"2","row_end":"2"}},"categories_bUBxK6":{"type":"categories","settings":{"collection":"aeyde","button_label":"Button label","button_link":"shopify:\/\/collections\/aeyde","button_arrow":true,"column_start":1,"column_end":2,"row_start":"3","row_end":"3"}},"categories_Cfpxk6":{"type":"categories","settings":{"collection":"agolde","button_label":"Button label","button_link":"shopify:\/\/collections\/agolde","button_arrow":true,"column_start":2,"column_end":3,"row_start":"3","row_end":"3"}},"categories_4ANPhN":{"type":"categories","settings":{"collection":"alaia","button_label":"Button label","button_link":"shopify:\/\/collections\/alaia","button_arrow":true,"column_start":3,"column_end":4,"row_start":"3","row_end":"3"}},"categories_qC6BRB":{"type":"categories","settings":{"collection":"alanui","button_label":"Button label","button_link":"shopify:\/\/collections\/alanui","button_arrow":true,"column_start":4,"column_end":5,"row_start":"3","row_end":"3"}},"categories_jUT9Wi":{"type":"categories","settings":{"collection":"alberta-ferretti","button_label":"Button label","button_link":"shopify:\/\/collections\/alberta-ferretti","button_arrow":true,"column_start":1,"column_end":2,"row_start":"4","row_end":"4"}},"categories_VeHiRi":{"type":"categories","settings":{"collection":"alessandra-rich","button_label":"Button label","button_link":"shopify:\/\/collections\/alessandra-rich","button_arrow":true,"column_start":2,"column_end":3,"row_start":"4","row_end":"4"}},"categories_XGtTbF":{"type":"categories","settings":{"collection":"alexander-mcqueen","button_label":"Button label","button_link":"shopify:\/\/collections\/alexander-mcqueen","button_arrow":true,"column_start":3,"column_end":4,"row_start":"4","row_end":"4"}},"categories_ygdVRn":{"type":"categories","settings":{"collection":"alexander-wang","button_label":"Button label","button_link":"shopify:\/\/collections\/alexander-wang","button_arrow":true,"column_start":4,"column_end":5,"row_start":"4","row_end":"4"}},"categories_zQiNVk":{"type":"categories","settings":{"collection":"amina-muaddi","button_label":"Button label","button_link":"shopify:\/\/collections\/amina-muaddi","button_arrow":true,"column_start":1,"column_end":2,"row_start":"5","row_end":"5"}},"categories_jXfL9a":{"type":"categories","settings":{"collection":"amiri","button_label":"Button label","button_link":"shopify:\/\/collections\/amiri","button_arrow":true,"column_start":2,"column_end":3,"row_start":"5","row_end":"5"}},"categories_6HcH6h":{"type":"categories","settings":{"collection":"ami-paris","button_label":"Button label","button_link":"shopify:\/\/collections\/ami-paris","button_arrow":true,"column_start":3,"column_end":4,"row_start":"5","row_end":"5"}},"categories_NNaQiT":{"type":"categories","settings":{"collection":"aquazurra","button_label":"Button label","button_link":"shopify:\/\/collections\/aquazurra","button_arrow":true,"column_start":4,"column_end":5,"row_start":"5","row_end":"5"}},"categories_7LXwiy":{"type":"categories","settings":{"collection":"asics","button_label":"Button label","button_link":"shopify:\/\/collections\/asics","button_arrow":true,"column_start":1,"column_end":2,"row_start":"6","row_end":"6"}},"categories_ThRXk4":{"type":"categories","settings":{"collection":"assouline","button_label":"Button label","button_link":"shopify:\/\/collections\/assouline","button_arrow":true,"column_start":2,"column_end":3,"row_start":"6","row_end":"6"}},"categories_gHyY6k":{"type":"categories","settings":{"collection":"autry","button_label":"Button label","button_link":"shopify:\/\/collections\/autry","button_arrow":true,"column_start":3,"column_end":4,"row_start":"6","row_end":"6"}},"categories_Cz3h7a":{"type":"categories","settings":{"collection":"balenciaga","button_label":"Button label","button_link":"shopify:\/\/collections\/balenciaga","button_arrow":true,"column_start":4,"column_end":5,"row_start":"6","row_end":"6"}},"categories_VXNcPL":{"type":"categories","settings":{"collection":"balmain","button_label":"Button label","button_link":"shopify:\/\/collections\/balmain","button_arrow":true,"column_start":1,"column_end":2,"row_start":"7","row_end":"7"}},"categories_DMJ7Hj":{"type":"categories","settings":{"collection":"baracuta","button_label":"Button label","button_link":"shopify:\/\/collections\/baracuta","button_arrow":true,"column_start":2,"column_end":3,"row_start":"7","row_end":"7"}},"categories_wnmNyD":{"type":"categories","settings":{"collection":"barba","button_label":"Button label","button_link":"shopify:\/\/collections\/barba","button_arrow":true,"column_start":3,"column_end":4,"row_start":"7","row_end":"7"}},"categories_WVtWVQ":{"type":"categories","settings":{"collection":"barbour","button_label":"Button label","button_link":"shopify:\/\/collections\/barbour","button_arrow":true,"column_start":4,"column_end":5,"row_start":"7","row_end":"7"}},"categories_7EqpmQ":{"type":"categories","settings":{"collection":"barrow","button_label":"Button label","button_link":"shopify:\/\/collections\/barrow","button_arrow":true,"column_start":1,"column_end":2,"row_start":"8","row_end":"8"}},"categories_9mQhiw":{"type":"categories","settings":{"collection":"berluti","button_label":"Button label","button_link":"shopify:\/\/collections\/berluti","button_arrow":true,"column_start":2,"column_end":3,"row_start":"8","row_end":"8"}},"categories_44t8K4":{"type":"categories","settings":{"collection":"birkenstock","button_label":"Button label","button_link":"shopify:\/\/collections\/birkenstock","button_arrow":true,"column_start":3,"column_end":4,"row_start":"8","row_end":"8"}},"categories_FnPete":{"type":"categories","settings":{"collection":"blaze-milano","button_label":"Button label","button_link":"shopify:\/\/collections\/blaze-milano","button_arrow":true,"column_start":4,"column_end":5,"row_start":"8","row_end":"8"}},"categories_frP9nC":{"type":"categories","settings":{"collection":"boris-bidjan-saberi","button_label":"Button label","button_link":"shopify:\/\/collections\/boris-bidjan-saberi","button_arrow":true,"column_start":1,"column_end":2,"row_start":"unset","row_end":"unset"}},"categories_KCrWrB":{"type":"categories","settings":{"collection":"boss","button_label":"Button label","button_link":"shopify:\/\/collections\/boss","button_arrow":true,"column_start":2,"column_end":3,"row_start":"unset","row_end":"unset"}},"categories_GVqPkp":{"type":"categories","settings":{"collection":"bottega-veneta","button_label":"Button label","button_link":"shopify:\/\/collections\/bottega-veneta","button_arrow":true,"column_start":3,"column_end":4,"row_start":"unset","row_end":"unset"}},"categories_QwkD6k":{"type":"categories","settings":{"collection":"brunello-cucinelli","button_label":"Button label","button_link":"shopify:\/\/collections\/brunello-cucinelli","button_arrow":true,"column_start":4,"column_end":5,"row_start":"unset","row_end":"unset"}},"categories_YPKcxi":{"type":"categories","settings":{"collection":"burberry","button_label":"Button label","button_link":"shopify:\/\/collections\/burberry","button_arrow":true,"column_start":1,"column_end":2,"row_start":"unset","row_end":"unset"}},"categories_zmMTxj":{"type":"categories","settings":{"collection":"cp-company","button_label":"Button label","button_link":"","button_arrow":true,"column_start":2,"column_end":3,"row_start":"unset","row_end":"unset"}},"categories_pUGJGq":{"type":"categories","settings":{"collection":"caruso","button_label":"Button label","button_link":"shopify:\/\/collections\/caruso","button_arrow":true,"column_start":3,"column_end":4,"row_start":"unset","row_end":"unset"}},"categories_6Naja3":{"type":"categories","settings":{"collection":"casablanca","button_label":"Button label","button_link":"shopify:\/\/collections\/casablanca","button_arrow":true,"column_start":4,"column_end":5,"row_start":"unset","row_end":"unset"}},"categories_G88Cti":{"type":"categories","settings":{"collection":"castaner","button_label":"Button label","button_link":"shopify:\/\/collections\/castaner","button_arrow":true,"column_start":1,"column_end":2,"row_start":"unset","row_end":"unset"}},"categories_afDwBD":{"type":"categories","settings":{"collection":"celine","button_label":"Button label","button_link":"shopify:\/\/collections\/celine","button_arrow":true,"column_start":2,"column_end":3,"row_start":"unset","row_end":"unset"}},"categories_PTyjEE":{"type":"categories","settings":{"collection":"chiara-boni","button_label":"Button label","button_link":"shopify:\/\/collections\/chiara-boni","button_arrow":true,"column_start":3,"column_end":4,"row_start":"unset","row_end":"unset"}},"categories_XjKWGJ":{"type":"categories","settings":{"collection":"chloe","button_label":"Button label","button_link":"shopify:\/\/collections\/chloe","button_arrow":true,"column_start":4,"column_end":5,"row_start":"unset","row_end":"unset"}},"categories_LALCRm":{"type":"categories","settings":{"collection":"christian-louboutin","button_label":"Button label","button_link":"shopify:\/\/collections\/christian-louboutin","button_arrow":true,"column_start":1,"column_end":2,"row_start":"unset","row_end":"unset"}},"categories_nEjAhF":{"type":"categories","settings":{"collection":"churchs","button_label":"Button label","button_link":"shopify:\/\/collections\/churchs","button_arrow":true,"column_start":2,"column_end":3,"row_start":"unset","row_end":"unset"}},"categories_aQyz3G":{"type":"categories","settings":{"collection":"cire-trudon","button_label":"","button_link":"shopify:\/\/collections\/cire-trudon","button_arrow":true,"column_start":3,"column_end":4,"row_start":"unset","row_end":"unset"}},"categories_qTce9R":{"type":"categories","settings":{"collection":"clarks-originals","button_label":"Button label","button_link":"shopify:\/\/collections\/clarks-originals","button_arrow":true,"column_start":4,"column_end":5,"row_start":"unset","row_end":"unset"}}},"block_order":["categories_dATzfU","categories_KQkGKr","categories_3qEDD3","categories_RXBPw7","categories_JeHGCc","categories_teg4yj","categories_xV3EHK","categories_BArrtH","categories_bUBxK6","categories_Cfpxk6","categories_4ANPhN","categories_qC6BRB","categories_jUT9Wi","categories_VeHiRi","categories_XGtTbF","categories_ygdVRn","categories_zQiNVk","categories_jXfL9a","categories_6HcH6h","categories_NNaQiT","categories_7LXwiy","categories_ThRXk4","categories_gHyY6k","categories_Cz3h7a","categories_VXNcPL","categories_DMJ7Hj","categories_wnmNyD","categories_WVtWVQ","categories_7EqpmQ","categories_9mQhiw","categories_44t8K4","categories_FnPete","categories_frP9nC","categories_KCrWrB","categories_GVqPkp","categories_QwkD6k","categories_YPKcxi","categories_zmMTxj","categories_pUGJGq","categories_6Naja3","categories_G88Cti","categories_afDwBD","categories_PTyjEE","categories_XjKWGJ","categories_LALCRm","categories_nEjAhF","categories_aQyz3G","categories_qTce9R"],"custom_css":[],"settings":{"section_header_type":"type1","show_arrows":true,"enable_border_top":true,"subheading":"SHOP","heading":"DESIGNERS","description":"<p>Explore thousands of the latest limited designer pieces at up to 60% discount.<\/p>","button_label":"","button_link":"","button_style":"primary","button_arrow":false,"section_layout":"grid","is_autoplay":true,"slider_per_row":1,"slider_speed":1.1,"slider_delay":3,"columns":4,"blocks_spacing":"m","image_ratio":"square","card_type":"overlay","hover_effect":"blur","text_horizontal":"center","overlay_opacity":20,"heading_size":"h4","desc_size":"small-font","text_animation":false,"show_collection_desc":false,"show_collection_button":false,"margin_top":"s","margin_bottom":"no-indent"}},"collection_grid_yfgHAG":{"type":"collection-grid","blocks":{"categories_HknUK6":{"type":"categories","settings":{"collection":"closed","button_label":"Button label","button_link":"shopify:\/\/collections\/3x1","button_arrow":true,"column_start":1,"column_end":2,"row_start":"unset","row_end":"unset"}},"categories_4Yg43X":{"type":"categories","settings":{"collection":"coach","button_label":"Button label","button_link":"shopify:\/\/collections\/3-juin","button_arrow":true,"column_start":2,"column_end":3,"row_start":"1","row_end":"2"}},"categories_kdqjwB":{"type":"categories","settings":{"collection":"comme-des-garcons-play","button_label":"Button label","button_link":"shopify:\/\/collections\/apc","button_arrow":true,"column_start":4,"column_end":5,"row_start":"1","row_end":"2"}},"categories_ebK9h6":{"type":"categories","settings":{"collection":"commes-des-garcons-hommes-plus","button_label":"Button label","button_link":"shopify:\/\/collections\/44-label-group","button_arrow":true,"column_start":3,"column_end":4,"row_start":"1","row_end":"2"}},"categories_YqHcmb":{"type":"categories","settings":{"collection":"common-projects","button_label":"Button label","button_link":"shopify:\/\/collections\/a-paper-kid","button_arrow":true,"column_start":1,"column_end":2,"row_start":"2","row_end":"2"}},"categories_kk73xH":{"type":"categories","settings":{"collection":"coperni","button_label":"Button label","button_link":"shopify:\/\/collections\/acne-studios","button_arrow":true,"column_start":2,"column_end":3,"row_start":"2","row_end":"2"}},"categories_aJMDnX":{"type":"categories","settings":{"collection":"corneliani","button_label":"Button label","button_link":"shopify:\/\/collections\/adidas-x-wales-bonner","button_arrow":true,"column_start":3,"column_end":4,"row_start":"2","row_end":"2"}},"categories_hKCPdX":{"type":"categories","settings":{"collection":"courreges","button_label":"Button label","button_link":"shopify:\/\/collections\/aesop","button_arrow":true,"column_start":4,"column_end":5,"row_start":"2","row_end":"2"}},"categories_6t6Cf6":{"type":"categories","settings":{"collection":"cp-company","button_label":"Button label","button_link":"shopify:\/\/collections\/aeyde","button_arrow":true,"column_start":1,"column_end":2,"row_start":"3","row_end":"3"}},"categories_rDrncC":{"type":"categories","settings":{"collection":"darkpark","button_label":"Button label","button_link":"shopify:\/\/collections\/agolde","button_arrow":true,"column_start":2,"column_end":3,"row_start":"3","row_end":"3"}},"categories_tmDiXw":{"type":"categories","settings":{"collection":"darling","button_label":"Button label","button_link":"shopify:\/\/collections\/alaia","button_arrow":true,"column_start":3,"column_end":4,"row_start":"3","row_end":"3"}},"categories_xPpHEp":{"type":"categories","settings":{"collection":"dfour","button_label":"Button label","button_link":"shopify:\/\/collections\/alanui","button_arrow":true,"column_start":4,"column_end":5,"row_start":"3","row_end":"3"}},"categories_Yqzmqc":{"type":"categories","settings":{"collection":"dickies","button_label":"Button label","button_link":"shopify:\/\/collections\/alberta-ferretti","button_arrow":true,"column_start":1,"column_end":2,"row_start":"4","row_end":"4"}},"categories_XmjtzT":{"type":"categories","settings":{"collection":"diesel","button_label":"Button label","button_link":"shopify:\/\/collections\/alessandra-rich","button_arrow":true,"column_start":2,"column_end":3,"row_start":"4","row_end":"4"}},"categories_ehzkjc":{"type":"categories","settings":{"collection":"dior","button_label":"Button label","button_link":"shopify:\/\/collections\/alexander-mcqueen","button_arrow":true,"column_start":3,"column_end":4,"row_start":"4","row_end":"4"}},"categories_mBkDnk":{"type":"categories","settings":{"collection":"dolce-gabbana","button_label":"Button label","button_link":"shopify:\/\/collections\/alexander-wang","button_arrow":true,"column_start":4,"column_end":5,"row_start":"4","row_end":"4"}},"categories_fMFbtB":{"type":"categories","settings":{"collection":"doucals","button_label":"Button label","button_link":"shopify:\/\/collections\/amina-muaddi","button_arrow":true,"column_start":1,"column_end":2,"row_start":"5","row_end":"5"}},"categories_Gnhygt":{"type":"categories","settings":{"collection":"dr-barbara-sturm","button_label":"Button label","button_link":"shopify:\/\/collections\/amiri","button_arrow":true,"column_start":2,"column_end":3,"row_start":"5","row_end":"5"}},"categories_gWDwmw":{"type":"categories","settings":{"collection":"dr-martens","button_label":"Button label","button_link":"shopify:\/\/collections\/ami-paris","button_arrow":true,"column_start":3,"column_end":4,"row_start":"5","row_end":"5"}},"categories_dhEEY3":{"type":"categories","settings":{"collection":"dries-van-noten","button_label":"Button label","button_link":"shopify:\/\/collections\/aquazurra","button_arrow":true,"column_start":4,"column_end":5,"row_start":"5","row_end":"5"}},"categories_hYqpyK":{"type":"categories","settings":{"collection":"drkshdw","button_label":"Button label","button_link":"shopify:\/\/collections\/asics","button_arrow":true,"column_start":1,"column_end":2,"row_start":"6","row_end":"6"}},"categories_bbFcdP":{"type":"categories","settings":{"collection":"dsquared2","button_label":"Button label","button_link":"shopify:\/\/collections\/assouline","button_arrow":true,"column_start":2,"column_end":3,"row_start":"6","row_end":"6"}},"categories_jXbPg9":{"type":"categories","settings":{"collection":"dunst","button_label":"Button label","button_link":"shopify:\/\/collections\/autry","button_arrow":true,"column_start":3,"column_end":4,"row_start":"6","row_end":"6"}},"categories_F6KfeN":{"type":"categories","settings":{"collection":"durazzi-milano","button_label":"Button label","button_link":"shopify:\/\/collections\/balenciaga","button_arrow":true,"column_start":4,"column_end":5,"row_start":"6","row_end":"6"}},"categories_3VXBFz":{"type":"categories","settings":{"collection":"elisabetta-franchi","button_label":"Button label","button_link":"shopify:\/\/collections\/balmain","button_arrow":true,"column_start":1,"column_end":2,"row_start":"7","row_end":"7"}},"categories_Tza8WT":{"type":"categories","settings":{"collection":"fear-of-god","button_label":"Button label","button_link":"shopify:\/\/collections\/baracuta","button_arrow":true,"column_start":2,"column_end":3,"row_start":"7","row_end":"7"}},"categories_mLXcxf":{"type":"categories","settings":{"collection":"fendi","button_label":"Button label","button_link":"shopify:\/\/collections\/barba","button_arrow":true,"column_start":3,"column_end":4,"row_start":"7","row_end":"7"}},"categories_zTNCPw":{"type":"categories","settings":{"collection":"ferragamo","button_label":"Button label","button_link":"shopify:\/\/collections\/barbour","button_arrow":true,"column_start":4,"column_end":5,"row_start":"7","row_end":"7"}},"categories_nM4MD8":{"type":"categories","settings":{"collection":"filson","button_label":"Button label","button_link":"shopify:\/\/collections\/barrow","button_arrow":true,"column_start":1,"column_end":2,"row_start":"8","row_end":"8"}},"categories_caJHqp":{"type":"categories","settings":{"collection":"g-h-bass","button_label":"Button label","button_link":"shopify:\/\/collections\/berluti","button_arrow":true,"column_start":2,"column_end":3,"row_start":"8","row_end":"8"}},"categories_ytnTTr":{"type":"categories","settings":{"collection":"ganni","button_label":"Button label","button_link":"shopify:\/\/collections\/birkenstock","button_arrow":true,"column_start":3,"column_end":4,"row_start":"8","row_end":"8"}},"categories_nBpbiJ":{"type":"categories","settings":{"collection":"gianvito-rossi","button_label":"Button label","button_link":"shopify:\/\/collections\/blaze-milano","button_arrow":true,"column_start":4,"column_end":5,"row_start":"8","row_end":"8"}},"categories_iDVNyL":{"type":"categories","settings":{"collection":"ginori-1736","button_label":"Button label","button_link":"shopify:\/\/collections\/boris-bidjan-saberi","button_arrow":true,"column_start":1,"column_end":2,"row_start":"unset","row_end":"unset"}},"categories_q3xJWT":{"type":"categories","settings":{"collection":"giorgio-armani","button_label":"Button label","button_link":"shopify:\/\/collections\/boss","button_arrow":true,"column_start":2,"column_end":3,"row_start":"unset","row_end":"unset"}},"categories_QmzriH":{"type":"categories","settings":{"collection":"giuseppe-di-morabito","button_label":"Button label","button_link":"shopify:\/\/collections\/bottega-veneta","button_arrow":true,"column_start":3,"column_end":4,"row_start":"unset","row_end":"unset"}},"categories_LGzDDc":{"type":"categories","settings":{"collection":"givenchy","button_label":"Button label","button_link":"shopify:\/\/collections\/brunello-cucinelli","button_arrow":true,"column_start":4,"column_end":5,"row_start":"unset","row_end":"unset"}},"categories_rJCMYM":{"type":"categories","settings":{"collection":"golden-goose","button_label":"Button label","button_link":"shopify:\/\/collections\/burberry","button_arrow":true,"column_start":1,"column_end":2,"row_start":"unset","row_end":"unset"}},"categories_pzhwGW":{"type":"categories","settings":{"collection":"gucci","button_label":"Button label","button_link":"","button_arrow":true,"column_start":2,"column_end":3,"row_start":"unset","row_end":"unset"}},"categories_TkLixm":{"type":"categories","settings":{"collection":"guest-in-residence","button_label":"Button label","button_link":"shopify:\/\/collections\/caruso","button_arrow":true,"column_start":3,"column_end":4,"row_start":"unset","row_end":"unset"}},"categories_aYqAzp":{"type":"categories","settings":{"collection":"guidi","button_label":"Button label","button_link":"shopify:\/\/collections\/casablanca","button_arrow":true,"column_start":4,"column_end":5,"row_start":"unset","row_end":"unset"}},"categories_Njn9nL":{"type":"categories","settings":{"collection":"haeckels","button_label":"Button label","button_link":"shopify:\/\/collections\/castaner","button_arrow":true,"column_start":1,"column_end":2,"row_start":"unset","row_end":"unset"}},"categories_KQ6hxr":{"type":"categories","settings":{"collection":"haikure","button_label":"Button label","button_link":"shopify:\/\/collections\/celine","button_arrow":true,"column_start":2,"column_end":3,"row_start":"unset","row_end":"unset"}},"categories_RNAwtk":{"type":"categories","settings":{"collection":"harris-wharf-london","button_label":"Button label","button_link":"shopify:\/\/collections\/chiara-boni","button_arrow":true,"column_start":3,"column_end":4,"row_start":"unset","row_end":"unset"}},"categories_PTcRWk":{"type":"categories","settings":{"collection":"herno","button_label":"Button label","button_link":"shopify:\/\/collections\/chloe","button_arrow":true,"column_start":4,"column_end":5,"row_start":"unset","row_end":"unset"}},"categories_RnJHbL":{"type":"categories","settings":{"collection":"hogan","button_label":"Button label","button_link":"shopify:\/\/collections\/christian-louboutin","button_arrow":true,"column_start":1,"column_end":2,"row_start":"unset","row_end":"unset"}},"categories_gkhcT7":{"type":"categories","settings":{"collection":"hoka","button_label":"Button label","button_link":"shopify:\/\/collections\/churchs","button_arrow":true,"column_start":2,"column_end":3,"row_start":"unset","row_end":"unset"}},"categories_U77GWF":{"type":"categories","settings":{"collection":"homme-girls","button_label":"","button_link":"shopify:\/\/collections\/cire-trudon","button_arrow":true,"column_start":3,"column_end":4,"row_start":"unset","row_end":"unset"}},"categories_RbPCzw":{"type":"categories","settings":{"collection":"hugo-boss","button_label":"Button label","button_link":"shopify:\/\/collections\/clarks-originals","button_arrow":true,"column_start":4,"column_end":5,"row_start":"unset","row_end":"unset"}}},"block_order":["categories_HknUK6","categories_4Yg43X","categories_kdqjwB","categories_ebK9h6","categories_YqHcmb","categories_kk73xH","categories_aJMDnX","categories_hKCPdX","categories_6t6Cf6","categories_rDrncC","categories_tmDiXw","categories_xPpHEp","categories_Yqzmqc","categories_XmjtzT","categories_ehzkjc","categories_mBkDnk","categories_fMFbtB","categories_Gnhygt","categories_gWDwmw","categories_dhEEY3","categories_hYqpyK","categories_bbFcdP","categories_jXbPg9","categories_F6KfeN","categories_3VXBFz","categories_Tza8WT","categories_mLXcxf","categories_zTNCPw","categories_nM4MD8","categories_caJHqp","categories_ytnTTr","categories_nBpbiJ","categories_iDVNyL","categories_q3xJWT","categories_QmzriH","categories_LGzDDc","categories_rJCMYM","categories_pzhwGW","categories_TkLixm","categories_aYqAzp","categories_Njn9nL","categories_KQ6hxr","categories_RNAwtk","categories_PTcRWk","categories_RnJHbL","categories_gkhcT7","categories_U77GWF","categories_RbPCzw"],"settings":{"section_header_type":"type1","show_arrows":true,"enable_border_top":false,"subheading":"","heading":"","description":"","button_label":"","button_link":"","button_style":"primary","button_arrow":false,"section_layout":"grid","is_autoplay":true,"slider_per_row":1,"slider_speed":1.1,"slider_delay":3,"columns":4,"blocks_spacing":"m","image_ratio":"square","card_type":"overlay","hover_effect":"blur","text_horizontal":"center","overlay_opacity":20,"heading_size":"h4","desc_size":"small-font","text_animation":false,"show_collection_desc":false,"show_collection_button":false,"margin_top":"xs","margin_bottom":"no-indent"}},"collection_grid_eVEmxR":{"type":"collection-grid","blocks":{"categories_rWDfti":{"type":"categories","settings":{"collection":"hunza-g","button_label":"Button label","button_link":"shopify:\/\/collections\/3x1","button_arrow":true,"column_start":1,"column_end":2,"row_start":"unset","row_end":"unset"}},"categories_46cgwz":{"type":"categories","settings":{"collection":"ienki-ienki","button_label":"Button label","button_link":"shopify:\/\/collections\/3-juin","button_arrow":true,"column_start":2,"column_end":3,"row_start":"1","row_end":"2"}},"categories_BeYbAz":{"type":"categories","settings":{"collection":"isabel-mrant","button_label":"Button label","button_link":"shopify:\/\/collections\/apc","button_arrow":true,"column_start":4,"column_end":5,"row_start":"1","row_end":"2"}},"categories_HKfThV":{"type":"categories","settings":{"collection":"ivy-oak","button_label":"Button label","button_link":"shopify:\/\/collections\/44-label-group","button_arrow":true,"column_start":3,"column_end":4,"row_start":"1","row_end":"2"}},"categories_Yjngpc":{"type":"categories","settings":{"collection":"j-lindeberg","button_label":"Button label","button_link":"shopify:\/\/collections\/a-paper-kid","button_arrow":true,"column_start":1,"column_end":2,"row_start":"2","row_end":"2"}},"categories_fwEELw":{"type":"categories","settings":{"collection":"jacob-cohen","button_label":"Button label","button_link":"shopify:\/\/collections\/acne-studios","button_arrow":true,"column_start":2,"column_end":3,"row_start":"2","row_end":"2"}},"categories_Fpecnc":{"type":"categories","settings":{"collection":"jacquemus","button_label":"Button label","button_link":"shopify:\/\/collections\/adidas-x-wales-bonner","button_arrow":true,"column_start":3,"column_end":4,"row_start":"2","row_end":"2"}},"categories_PkTckB":{"type":"categories","settings":{"collection":"jil-sander","button_label":"Button label","button_link":"shopify:\/\/collections\/aesop","button_arrow":true,"column_start":4,"column_end":5,"row_start":"2","row_end":"2"}},"categories_yKyBhM":{"type":"categories","settings":{"collection":"jimmy-choo","button_label":"Button label","button_link":"shopify:\/\/collections\/aeyde","button_arrow":true,"column_start":1,"column_end":2,"row_start":"3","row_end":"3"}},"categories_6JEDMj":{"type":"categories","settings":{"collection":"jnby","button_label":"Button label","button_link":"shopify:\/\/collections\/agolde","button_arrow":true,"column_start":2,"column_end":3,"row_start":"3","row_end":"3"}},"categories_bhNh9d":{"type":"categories","settings":{"collection":"john-lobb","button_label":"Button label","button_link":"shopify:\/\/collections\/alaia","button_arrow":true,"column_start":3,"column_end":4,"row_start":"3","row_end":"3"}},"categories_9NHy3b":{"type":"categories","settings":{"collection":"jw-anderson","button_label":"Button label","button_link":"shopify:\/\/collections\/alanui","button_arrow":true,"column_start":4,"column_end":5,"row_start":"3","row_end":"3"}},"categories_wMWMXT":{"type":"categories","settings":{"collection":"marc-jacobs","button_label":"Button label","button_link":"shopify:\/\/collections\/alberta-ferretti","button_arrow":true,"column_start":1,"column_end":2,"row_start":"4","row_end":"4"}},"categories_xbQXN3":{"type":"categories","settings":{"collection":"marine-serre","button_label":"Button label","button_link":"shopify:\/\/collections\/alessandra-rich","button_arrow":true,"column_start":2,"column_end":3,"row_start":"4","row_end":"4"}},"categories_FthgiN":{"type":"categories","settings":{"collection":"marni","button_label":"Button label","button_link":"shopify:\/\/collections\/alexander-mcqueen","button_arrow":true,"column_start":3,"column_end":4,"row_start":"4","row_end":"4"}},"categories_wERtgC":{"type":"categories","settings":{"collection":"marsell","button_label":"Button label","button_link":"shopify:\/\/collections\/alexander-wang","button_arrow":true,"column_start":4,"column_end":5,"row_start":"4","row_end":"4"}},"categories_tFkVJW":{"type":"categories","settings":{"collection":"martine-rose","button_label":"Button label","button_link":"shopify:\/\/collections\/amina-muaddi","button_arrow":true,"column_start":1,"column_end":2,"row_start":"5","row_end":"5"}},"categories_K4Gibw":{"type":"categories","settings":{"collection":"max-mara","button_label":"Button label","button_link":"shopify:\/\/collections\/amiri","button_arrow":true,"column_start":2,"column_end":3,"row_start":"5","row_end":"5"}},"categories_YTWJjT":{"type":"categories","settings":{"collection":"mc2-saint-barth","button_label":"Button label","button_link":"shopify:\/\/collections\/ami-paris","button_arrow":true,"column_start":3,"column_end":4,"row_start":"5","row_end":"5"}},"categories_JP8kjR":{"type":"categories","settings":{"collection":"mcm","button_label":"Button label","button_link":"shopify:\/\/collections\/aquazurra","button_arrow":true,"column_start":4,"column_end":5,"row_start":"5","row_end":"5"}},"categories_xpQRVW":{"type":"categories","settings":{"collection":"michael-kors","button_label":"Button label","button_link":"shopify:\/\/collections\/asics","button_arrow":true,"column_start":1,"column_end":2,"row_start":"6","row_end":"6"}},"categories_zhJyEY":{"type":"categories","settings":{"collection":"missoni","button_label":"Button label","button_link":"shopify:\/\/collections\/assouline","button_arrow":true,"column_start":2,"column_end":3,"row_start":"6","row_end":"6"}},"categories_CAR7Hm":{"type":"categories","settings":{"collection":"miu-miu","button_label":"Button label","button_link":"shopify:\/\/collections\/autry","button_arrow":true,"column_start":3,"column_end":4,"row_start":"6","row_end":"6"}},"categories_xhdpDq":{"type":"categories","settings":{"collection":"mm6-maison-margiela","button_label":"Button label","button_link":"shopify:\/\/collections\/balenciaga","button_arrow":true,"column_start":4,"column_end":5,"row_start":"6","row_end":"6"}},"categories_f9eMCB":{"type":"categories","settings":{"collection":"moncler","button_label":"Button label","button_link":"shopify:\/\/collections\/balmain","button_arrow":true,"column_start":1,"column_end":2,"row_start":"7","row_end":"7"}},"categories_LBY88K":{"type":"categories","settings":{"collection":"moose-knuckles","button_label":"Button label","button_link":"shopify:\/\/collections\/baracuta","button_arrow":true,"column_start":2,"column_end":3,"row_start":"7","row_end":"7"}},"categories_HjyJeN":{"type":"categories","settings":{"collection":"moschino","button_label":"Button label","button_link":"shopify:\/\/collections\/barba","button_arrow":true,"column_start":3,"column_end":4,"row_start":"7","row_end":"7"}},"categories_PHbN6i":{"type":"categories","settings":{"collection":"mugler","button_label":"Button label","button_link":"shopify:\/\/collections\/barbour","button_arrow":true,"column_start":4,"column_end":5,"row_start":"7","row_end":"7"}},"categories_PEKrf7":{"type":"categories","settings":{"collection":"mulberry","button_label":"Button label","button_link":"shopify:\/\/collections\/barrow","button_arrow":true,"column_start":1,"column_end":2,"row_start":"8","row_end":"8"}},"categories_hPqNiP":{"type":"categories","settings":{"collection":"mvp-wardrobe","button_label":"Button label","button_link":"shopify:\/\/collections\/berluti","button_arrow":true,"column_start":2,"column_end":3,"row_start":"8","row_end":"8"}},"categories_kLc9TJ":{"type":"categories","settings":{"collection":"needle-thread","button_label":"Button label","button_link":"shopify:\/\/collections\/birkenstock","button_arrow":true,"column_start":3,"column_end":4,"row_start":"8","row_end":"8"}},"categories_WEq8rq":{"type":"categories","settings":{"collection":"nervi","button_label":"Button label","button_link":"shopify:\/\/collections\/blaze-milano","button_arrow":true,"column_start":4,"column_end":5,"row_start":"8","row_end":"8"}},"categories_hz8ez6":{"type":"categories","settings":{"collection":"new-balance","button_label":"Button label","button_link":"shopify:\/\/collections\/boris-bidjan-saberi","button_arrow":true,"column_start":1,"column_end":2,"row_start":"unset","row_end":"unset"}},"categories_mUCQYN":{"type":"categories","settings":{"collection":"nina-ricci","button_label":"Button label","button_link":"shopify:\/\/collections\/boss","button_arrow":true,"column_start":2,"column_end":3,"row_start":"unset","row_end":"unset"}},"categories_f4JXx4":{"type":"categories","settings":{"collection":"norma-kamali","button_label":"Button label","button_link":"shopify:\/\/collections\/bottega-veneta","button_arrow":true,"column_start":3,"column_end":4,"row_start":"unset","row_end":"unset"}},"categories_tMLkcR":{"type":"categories","settings":{"collection":"nude","button_label":"Button label","button_link":"shopify:\/\/collections\/brunello-cucinelli","button_arrow":true,"column_start":4,"column_end":5,"row_start":"unset","row_end":"unset"}},"categories_naNckW":{"type":"categories","settings":{"collection":"oamc","button_label":"Button label","button_link":"shopify:\/\/collections\/burberry","button_arrow":true,"column_start":1,"column_end":2,"row_start":"unset","row_end":"unset"}},"categories_jpFTab":{"type":"categories","settings":{"collection":"occhiali-1","button_label":"Button label","button_link":"","button_arrow":true,"column_start":2,"column_end":3,"row_start":"unset","row_end":"unset"}},"categories_3ytfRj":{"type":"categories","settings":{"collection":"off-white","button_label":"Button label","button_link":"shopify:\/\/collections\/caruso","button_arrow":true,"column_start":3,"column_end":4,"row_start":"unset","row_end":"unset"}},"categories_FUx8eA":{"type":"categories","settings":{"collection":"paco-rabanne","button_label":"Button label","button_link":"shopify:\/\/collections\/casablanca","button_arrow":true,"column_start":4,"column_end":5,"row_start":"unset","row_end":"unset"}},"categories_Q8t9dU":{"type":"categories","settings":{"collection":"palm-angels","button_label":"Button label","button_link":"shopify:\/\/collections\/castaner","button_arrow":true,"column_start":1,"column_end":2,"row_start":"unset","row_end":"unset"}},"categories_q47Yma":{"type":"categories","settings":{"collection":"paloma-wool","button_label":"Button label","button_link":"shopify:\/\/collections\/celine","button_arrow":true,"column_start":2,"column_end":3,"row_start":"unset","row_end":"unset"}},"categories_w9JGmB":{"type":"categories","settings":{"collection":"paris-texas","button_label":"Button label","button_link":"shopify:\/\/collections\/chiara-boni","button_arrow":true,"column_start":3,"column_end":4,"row_start":"unset","row_end":"unset"}},"categories_WnbAGQ":{"type":"categories","settings":{"collection":"patbo","button_label":"Button label","button_link":"shopify:\/\/collections\/chloe","button_arrow":true,"column_start":4,"column_end":5,"row_start":"unset","row_end":"unset"}},"categories_g4VchA":{"type":"categories","settings":{"collection":"paul-smith","button_label":"Button label","button_link":"shopify:\/\/collections\/christian-louboutin","button_arrow":true,"column_start":1,"column_end":2,"row_start":"unset","row_end":"unset"}},"categories_V4BdiL":{"type":"categories","settings":{"collection":"peninsula","button_label":"Button label","button_link":"shopify:\/\/collections\/churchs","button_arrow":true,"column_start":2,"column_end":3,"row_start":"unset","row_end":"unset"}},"categories_BEqTCG":{"type":"categories","settings":{"collection":"photogencis","button_label":"","button_link":"shopify:\/\/collections\/cire-trudon","button_arrow":true,"column_start":3,"column_end":4,"row_start":"unset","row_end":"unset"}},"categories_K9AwED":{"type":"categories","settings":{"collection":"polo-ralph-lauren","button_label":"Button label","button_link":"shopify:\/\/collections\/clarks-originals","button_arrow":true,"column_start":4,"column_end":5,"row_start":"unset","row_end":"unset"}}},"block_order":["categories_rWDfti","categories_46cgwz","categories_BeYbAz","categories_HKfThV","categories_Yjngpc","categories_fwEELw","categories_Fpecnc","categories_PkTckB","categories_yKyBhM","categories_6JEDMj","categories_bhNh9d","categories_9NHy3b","categories_wMWMXT","categories_xbQXN3","categories_FthgiN","categories_wERtgC","categories_tFkVJW","categories_K4Gibw","categories_YTWJjT","categories_JP8kjR","categories_xpQRVW","categories_zhJyEY","categories_CAR7Hm","categories_xhdpDq","categories_f9eMCB","categories_LBY88K","categories_HjyJeN","categories_PHbN6i","categories_PEKrf7","categories_hPqNiP","categories_kLc9TJ","categories_WEq8rq","categories_hz8ez6","categories_mUCQYN","categories_f4JXx4","categories_tMLkcR","categories_naNckW","categories_jpFTab","categories_3ytfRj","categories_FUx8eA","categories_Q8t9dU","categories_q47Yma","categories_w9JGmB","categories_WnbAGQ","categories_g4VchA","categories_V4BdiL","categories_BEqTCG","categories_K9AwED"],"settings":{"section_header_type":"type1","show_arrows":true,"enable_border_top":false,"subheading":"","heading":"","description":"","button_label":"","button_link":"","button_style":"primary","button_arrow":false,"section_layout":"grid","is_autoplay":true,"slider_per_row":1,"slider_speed":1.1,"slider_delay":3,"columns":4,"blocks_spacing":"m","image_ratio":"square","card_type":"overlay","hover_effect":"blur","text_horizontal":"center","overlay_opacity":20,"heading_size":"h4","desc_size":"small-font","text_animation":false,"show_collection_desc":false,"show_collection_button":false,"margin_top":"xs","margin_bottom":"no-indent"}},"collection_grid_MQnNMG":{"type":"collection-grid","blocks":{"categories_8VyTjq":{"type":"categories","settings":{"collection":"ps-paul-smith","button_label":"Button label","button_link":"shopify:\/\/collections\/3x1","button_arrow":true,"column_start":1,"column_end":2,"row_start":"unset","row_end":"unset"}},"categories_9hfjBY":{"type":"categories","settings":{"collection":"pt-torino","button_label":"Button label","button_link":"shopify:\/\/collections\/3-juin","button_arrow":true,"column_start":2,"column_end":3,"row_start":"1","row_end":"2"}},"categories_AQmNcz":{"type":"categories","settings":{"collection":"pyrenex","button_label":"Button label","button_link":"shopify:\/\/collections\/apc","button_arrow":true,"column_start":4,"column_end":5,"row_start":"1","row_end":"2"}},"categories_AxfEJp":{"type":"categories","settings":{"collection":"qorleon","button_label":"Button label","button_link":"shopify:\/\/collections\/44-label-group","button_arrow":true,"column_start":3,"column_end":4,"row_start":"1","row_end":"2"}},"categories_BYQxhr":{"type":"categories","settings":{"collection":"r13","button_label":"Button label","button_link":"shopify:\/\/collections\/a-paper-kid","button_arrow":true,"column_start":1,"column_end":2,"row_start":"2","row_end":"2"}},"categories_Vmdfab":{"type":"categories","settings":{"collection":"raquel-diniz","button_label":"Button label","button_link":"shopify:\/\/collections\/acne-studios","button_arrow":true,"column_start":2,"column_end":3,"row_start":"2","row_end":"2"}},"categories_QTfeTV":{"type":"categories","settings":{"collection":"red-wing-shoes","button_label":"Button label","button_link":"shopify:\/\/collections\/adidas-x-wales-bonner","button_arrow":true,"column_start":3,"column_end":4,"row_start":"2","row_end":"2"}},"categories_6QVDBX":{"type":"categories","settings":{"collection":"reina-olga","button_label":"Button label","button_link":"shopify:\/\/collections\/aesop","button_arrow":true,"column_start":4,"column_end":5,"row_start":"2","row_end":"2"}},"categories_PcWzhj":{"type":"categories","settings":{"collection":"rick-owens","button_label":"Button label","button_link":"shopify:\/\/collections\/aeyde","button_arrow":true,"column_start":1,"column_end":2,"row_start":"3","row_end":"3"}},"categories_bAnX9g":{"type":"categories","settings":{"collection":"roberto-collina","button_label":"Button label","button_link":"shopify:\/\/collections\/agolde","button_arrow":true,"column_start":2,"column_end":3,"row_start":"3","row_end":"3"}},"categories_XQhxYN":{"type":"categories","settings":{"collection":"roger-vivier","button_label":"Button label","button_link":"shopify:\/\/collections\/alaia","button_arrow":true,"column_start":3,"column_end":4,"row_start":"3","row_end":"3"}},"categories_hyPAM9":{"type":"categories","settings":{"collection":"roland-mouret","button_label":"Button label","button_link":"shopify:\/\/collections\/alanui","button_arrow":true,"column_start":4,"column_end":5,"row_start":"3","row_end":"3"}},"categories_grMM9j":{"type":"categories","settings":{"collection":"rotate","button_label":"Button label","button_link":"shopify:\/\/collections\/alberta-ferretti","button_arrow":true,"column_start":1,"column_end":2,"row_start":"4","row_end":"4"}},"categories_WpUFqz":{"type":"categories","settings":{"collection":"rohe","button_label":"Button label","button_link":"shopify:\/\/collections\/alessandra-rich","button_arrow":true,"column_start":2,"column_end":3,"row_start":"4","row_end":"4"}},"categories_NyaRUp":{"type":"categories","settings":{"collection":"sacai","button_label":"Button label","button_link":"shopify:\/\/collections\/alexander-mcqueen","button_arrow":true,"column_start":3,"column_end":4,"row_start":"4","row_end":"4"}},"categories_C93n6U":{"type":"categories","settings":{"collection":"saint-laurent","button_label":"Button label","button_link":"shopify:\/\/collections\/alexander-wang","button_arrow":true,"column_start":4,"column_end":5,"row_start":"4","row_end":"4"}},"categories_cnRmXy":{"type":"categories","settings":{"collection":"saks-potts","button_label":"Button label","button_link":"shopify:\/\/collections\/amina-muaddi","button_arrow":true,"column_start":1,"column_end":2,"row_start":"5","row_end":"5"}},"categories_6NhJKn":{"type":"categories","settings":{"collection":"salomon","button_label":"Button label","button_link":"shopify:\/\/collections\/amiri","button_arrow":true,"column_start":2,"column_end":3,"row_start":"5","row_end":"5"}},"categories_myfm4W":{"type":"categories","settings":{"collection":"saloni","button_label":"Button label","button_link":"shopify:\/\/collections\/ami-paris","button_arrow":true,"column_start":3,"column_end":4,"row_start":"5","row_end":"5"}},"categories_BzXinJ":{"type":"categories","settings":{"collection":"saulina","button_label":"Button label","button_link":"shopify:\/\/collections\/aquazurra","button_arrow":true,"column_start":4,"column_end":5,"row_start":"5","row_end":"5"}},"categories_jMtmtJ":{"type":"categories","settings":{"collection":"sebastian-milano","button_label":"Button label","button_link":"shopify:\/\/collections\/asics","button_arrow":true,"column_start":1,"column_end":2,"row_start":"6","row_end":"6"}},"categories_RxkbcK":{"type":"categories","settings":{"collection":"see-by-chloe","button_label":"Button label","button_link":"shopify:\/\/collections\/assouline","button_arrow":true,"column_start":2,"column_end":3,"row_start":"6","row_end":"6"}},"categories_DCF6PC":{"type":"categories","settings":{"collection":"self-portrait","button_label":"Button label","button_link":"shopify:\/\/collections\/autry","button_arrow":true,"column_start":3,"column_end":4,"row_start":"6","row_end":"6"}},"categories_jHNFDd":{"type":"categories","settings":{"collection":"simone-rocha","button_label":"Button label","button_link":"shopify:\/\/collections\/balenciaga","button_arrow":true,"column_start":4,"column_end":5,"row_start":"6","row_end":"6"}},"categories_URi8qP":{"type":"categories","settings":{"collection":"sort-of-coal","button_label":"Button label","button_link":"shopify:\/\/collections\/balmain","button_arrow":true,"column_start":1,"column_end":2,"row_start":"7","row_end":"7"}},"categories_QV9dB4":{"type":"categories","settings":{"collection":"stone-island","button_label":"Button label","button_link":"shopify:\/\/collections\/baracuta","button_arrow":true,"column_start":2,"column_end":3,"row_start":"7","row_end":"7"}},"categories_HAJqdk":{"type":"categories","settings":{"collection":"strathberry","button_label":"Button label","button_link":"shopify:\/\/collections\/barba","button_arrow":true,"column_start":3,"column_end":4,"row_start":"7","row_end":"7"}},"categories_JjUr7z":{"type":"categories","settings":{"collection":"steamery","button_label":"Button label","button_link":"shopify:\/\/collections\/barbour","button_arrow":true,"column_start":4,"column_end":5,"row_start":"7","row_end":"7"}},"categories_EqGfVG":{"type":"categories","settings":{"collection":"susanne-kaufmann","button_label":"Button label","button_link":"shopify:\/\/collections\/barrow","button_arrow":true,"column_start":1,"column_end":2,"row_start":"8","row_end":"8"}},"categories_VyYWt9":{"type":"categories","settings":{"collection":"the-andamane","button_label":"Button label","button_link":"shopify:\/\/collections\/berluti","button_arrow":true,"column_start":2,"column_end":3,"row_start":"8","row_end":"8"}},"categories_aMGbCA":{"type":"categories","settings":{"collection":"the-attico","button_label":"Button label","button_link":"shopify:\/\/collections\/birkenstock","button_arrow":true,"column_start":3,"column_end":4,"row_start":"8","row_end":"8"}},"categories_RXegyz":{"type":"categories","settings":{"collection":"the-north-face","button_label":"Button label","button_link":"shopify:\/\/collections\/blaze-milano","button_arrow":true,"column_start":4,"column_end":5,"row_start":"8","row_end":"8"}},"categories_AMkTfX":{"type":"categories","settings":{"collection":"the-row","button_label":"Button label","button_link":"shopify:\/\/collections\/boris-bidjan-saberi","button_arrow":true,"column_start":1,"column_end":2,"row_start":"unset","row_end":"unset"}},"categories_48gXDD":{"type":"categories","settings":{"collection":"thom-browne","button_label":"Button label","button_link":"shopify:\/\/collections\/boss","button_arrow":true,"column_start":2,"column_end":3,"row_start":"unset","row_end":"unset"}},"categories_nQUb94":{"type":"categories","settings":{"collection":"","button_label":"Button label","button_link":"","button_arrow":true,"column_start":3,"column_end":4,"row_start":"unset","row_end":"unset"}},"categories_KtFVJ4":{"type":"categories","settings":{"collection":"norma-kamali","button_label":"Button label","button_link":"shopify:\/\/collections\/bottega-veneta","button_arrow":true,"column_start":3,"column_end":4,"row_start":"unset","row_end":"unset"}},"categories_zBDjpx":{"type":"categories","settings":{"collection":"nude","button_label":"Button label","button_link":"shopify:\/\/collections\/brunello-cucinelli","button_arrow":true,"column_start":4,"column_end":5,"row_start":"unset","row_end":"unset"}},"categories_AX3eX8":{"type":"categories","settings":{"collection":"oamc","button_label":"Button label","button_link":"shopify:\/\/collections\/burberry","button_arrow":true,"column_start":1,"column_end":2,"row_start":"unset","row_end":"unset"}},"categories_CHgAfk":{"type":"categories","settings":{"collection":"occhiali-1","button_label":"Button label","button_link":"","button_arrow":true,"column_start":2,"column_end":3,"row_start":"unset","row_end":"unset"}},"categories_H8gJN8":{"type":"categories","settings":{"collection":"off-white","button_label":"Button label","button_link":"shopify:\/\/collections\/caruso","button_arrow":true,"column_start":3,"column_end":4,"row_start":"unset","row_end":"unset"}},"categories_ANJahg":{"type":"categories","settings":{"collection":"paco-rabanne","button_label":"Button label","button_link":"shopify:\/\/collections\/casablanca","button_arrow":true,"column_start":4,"column_end":5,"row_start":"unset","row_end":"unset"}},"categories_MT78Nx":{"type":"categories","settings":{"collection":"palm-angels","button_label":"Button label","button_link":"shopify:\/\/collections\/castaner","button_arrow":true,"column_start":1,"column_end":2,"row_start":"unset","row_end":"unset"}},"categories_3EkjWz":{"type":"categories","settings":{"collection":"paloma-wool","button_label":"Button label","button_link":"shopify:\/\/collections\/celine","button_arrow":true,"column_start":2,"column_end":3,"row_start":"unset","row_end":"unset"}},"categories_M7LYdH":{"type":"categories","settings":{"collection":"paris-texas","button_label":"Button label","button_link":"shopify:\/\/collections\/chiara-boni","button_arrow":true,"column_start":3,"column_end":4,"row_start":"unset","row_end":"unset"}},"categories_ia7izm":{"type":"categories","settings":{"collection":"patbo","button_label":"Button label","button_link":"shopify:\/\/collections\/chloe","button_arrow":true,"column_start":4,"column_end":5,"row_start":"unset","row_end":"unset"}},"categories_mwbWbg":{"type":"categories","settings":{"collection":"paul-smith","button_label":"Button label","button_link":"shopify:\/\/collections\/christian-louboutin","button_arrow":true,"column_start":1,"column_end":2,"row_start":"unset","row_end":"unset"}},"categories_FWnTN7":{"type":"categories","settings":{"collection":"peninsula","button_label":"Button label","button_link":"shopify:\/\/collections\/churchs","button_arrow":true,"column_start":2,"column_end":3,"row_start":"unset","row_end":"unset"}},"categories_6RdcbT":{"type":"categories","settings":{"collection":"photogencis","button_label":"","button_link":"shopify:\/\/collections\/cire-trudon","button_arrow":true,"column_start":3,"column_end":4,"row_start":"unset","row_end":"unset"}},"categories_at7WRA":{"type":"categories","settings":{"collection":"polo-ralph-lauren","button_label":"Button label","button_link":"shopify:\/\/collections\/clarks-originals","button_arrow":true,"column_start":4,"column_end":5,"row_start":"unset","row_end":"unset"}}},"block_order":["categories_8VyTjq","categories_9hfjBY","categories_AQmNcz","categories_AxfEJp","categories_BYQxhr","categories_Vmdfab","categories_QTfeTV","categories_6QVDBX","categories_PcWzhj","categories_bAnX9g","categories_XQhxYN","categories_hyPAM9","categories_grMM9j","categories_WpUFqz","categories_NyaRUp","categories_C93n6U","categories_cnRmXy","categories_6NhJKn","categories_myfm4W","categories_BzXinJ","categories_jMtmtJ","categories_RxkbcK","categories_DCF6PC","categories_jHNFDd","categories_URi8qP","categories_QV9dB4","categories_HAJqdk","categories_JjUr7z","categories_EqGfVG","categories_VyYWt9","categories_aMGbCA","categories_RXegyz","categories_AMkTfX","categories_48gXDD","categories_nQUb94","categories_KtFVJ4","categories_zBDjpx","categories_AX3eX8","categories_CHgAfk","categories_H8gJN8","categories_ANJahg","categories_MT78Nx","categories_3EkjWz","categories_M7LYdH","categories_ia7izm","categories_mwbWbg","categories_FWnTN7","categories_6RdcbT","categories_at7WRA"],"settings":{"section_header_type":"type1","show_arrows":true,"enable_border_top":false,"subheading":"","heading":"","description":"","button_label":"","button_link":"","button_style":"primary","button_arrow":false,"section_layout":"grid","is_autoplay":true,"slider_per_row":1,"slider_speed":1.1,"slider_delay":3,"columns":4,"blocks_spacing":"m","image_ratio":"square","card_type":"overlay","hover_effect":"blur","text_horizontal":"center","overlay_opacity":20,"heading_size":"h4","desc_size":"small-font","text_animation":false,"show_collection_desc":false,"show_collection_button":false,"margin_top":"xs","margin_bottom":"no-indent"}},"rich_text_NJbzm4":{"type":"rich-text","blocks":{"subheading_fMrgj3":{"type":"subheading","settings":{"subheading":"BROWSE ALL","animation":false}},"heading_QNHFJh":{"type":"heading","settings":{"heading":"{{ collection.title }}","heading_size":"h2"}}},"block_order":["subheading_fMrgj3","heading_QNHFJh"],"disabled":true,"settings":{"color_scheme":"","full_width":true,"content_horizontal":"center","margin_top":"xs","margin_bottom":"xs","padding_top":"xs","padding_bottom":"xs"}},"product-grid":{"type":"main-collection-product-grid","disabled":true,"settings":{"products_per_page":12,"show_two_cards":false,"show_secondary_image":true,"show_sku":false,"show_vendor":true,"show_desc":false,"show_color_swatch":false,"product_variant_type":"color","image_ratio":"portrait","image_fit":"cover","color_scheme":"","enable_filtering":true,"filter_type":"vertical","enable_per_row_button":true,"default_per_row":"small","enable_sorting":true,"image_filter_ratio":"4\/5","image_filter_fit":"cover","image_filter_columns":3,"padding_top":"no-indent","padding_bottom":"s"}},"slider_with_info_pmWUxx":{"type":"slider-with-info","blocks":{"image_block_nbtWi9":{"type":"image_block","settings":{"image":"shopify:\/\/shop_images\/cargo-trousers_dc9d5f28-a586-4e2c-ab7b-9767e77adcdf.jpg"}},"image_block_7TDEaA":{"type":"image_block","settings":{"image":"shopify:\/\/shop_images\/classic-oversized-denim-shirt_24158564-0913-4fad-aae8-a9f35565ca06.jpg"}},"image_block_Pm3neF":{"type":"image_block","settings":{"image":"shopify:\/\/shop_images\/pinstriped-blazer_e2220441-655e-412d-b822-09235aee2b89.jpg"}},"image_block_geKh8K":{"type":"image_block","settings":{"image":"shopify:\/\/shop_images\/ottie-bias-backless-dress_5339a1e6-d555-453d-84c7-42beace4ee42.jpg"}},"image_block_CcbzcX":{"type":"image_block","settings":{"image":"shopify:\/\/shop_images\/gothic-logo-zip-up-hoodie_ce410a47-5e15-44cf-8528-35132dbbb0a4.jpg"}},"image_block_fLxeM8":{"type":"image_block","settings":{"image":"shopify:\/\/shop_images\/porterville-edfu-t-dress_092c32e4-62f9-495b-b953-fb99a450e068.jpg"}},"heading_block_mwkipf":{"type":"heading_block","settings":{"heading":"OVER 40,000 PRODUCTS","description":"<p>Browse leading fashion brands and get the look today.<\/p><p>We stock thousands of unique items from industry-defining designers, but once they're gone, <em>they're gone<\/em>.<\/p>","subheading":"SHOP NOW"}}},"block_order":["image_block_nbtWi9","image_block_7TDEaA","image_block_Pm3neF","image_block_geKh8K","image_block_CcbzcX","image_block_fLxeM8","heading_block_mwkipf"],"settings":{"section_header_type":"type1","enable_border_top":true,"subheading":"","heading":"OVER 200 DESIGNER BRANDS","description":"","button_label":"","button_link":"","button_style":"primary","button_arrow":false,"is_autoplay":true,"stop_autoplay":true,"show_arrows":true,"slideshow_speed":1.1,"slideshow_delay":1,"image_ratio":"portrait","margin_top":"s","margin_bottom":"s"}},"17392096783286d83a":{"type":"apps","blocks":{"essential_trust_badges_app_block_mX9NnL":{"type":"shopify:\/\/apps\/essential-trust-badges\/blocks\/app-block\/0ff65b25-07e1-408e-950f-f54dd3d1751b","settings":{"banner_display":"all","banner_id":""}}},"block_order":["essential_trust_badges_app_block_mX9NnL"],"settings":{"include_margins":true}},"1739209635fd7fd4bf":{"type":"apps","settings":{"include_margins":true}},"newsletter_XhR6Rd":{"type":"newsletter","settings":{"color_scheme":"","position":"center","heading":"BE FIRST TO KNOW.","text":"<p>Get notified each time we drop new products in store. Because once they're gone, <em>they're gone<\/em>.<\/p>","newsletter_text":"<p>By subscribing you agree to our <a href=\"\/pages\/terms-conditions\" target=\"_blank\" title=\"GENERAL CONDITIONS OF SALE\">General Terms<\/a> and <a href=\"\/pages\/privacy-policy\" title=\"PRIVACY POLICY\">Privacy Policy<\/a>.<\/p>","button_style":"primary","margin_top":"no-indent","margin_bottom":"s","padding_top":"no-indent","padding_bottom":"no-indent"}}},"order":["banner","collection_grid_TNeaa9","collection_grid_yfgHAG","collection_grid_eVEmxR","collection_grid_MQnNMG","rich_text_NJbzm4","product-grid","slider_with_info_pmWUxx","17392096783286d83a","1739209635fd7fd4bf","newsletter_XhR6Rd"]}