{"sections":{"rich_text_XzYVWR":{"type":"rich-text","blocks":{"subheading_9mDqYw":{"type":"subheading","disabled":true,"settings":{"subheading":"Subheading","animation":false}},"heading_kWMGeL":{"type":"heading","settings":{"heading":"{{ collection.title }}","heading_size":"h2"}},"text_Y69g7M":{"type":"text","disabled":true,"settings":{"text":"<p>Description for your section.<\/p>"}},"button_QCpHBn":{"type":"button","disabled":true,"settings":{"button_label":"Button label","button_link":"","button_style":"tertiary","button_arrow":true}}},"block_order":["subheading_9mDqYw","heading_kWMGeL","text_Y69g7M","button_QCpHBn"],"settings":{"color_scheme":"","full_width":true,"content_horizontal":"center","margin_top":"s","margin_bottom":"s","padding_top":"no-indent","padding_bottom":"no-indent"}},"banner":{"type":"main-collection-banner","disabled":true,"settings":{"collection_list":[],"add_word":"Collection","show_word":false,"show_collection_description":false,"description_products":"hdhdhdhdh","image_size":"landscape","show_collection_image":false}},"product-grid":{"type":"main-collection-product-grid","settings":{"products_per_page":15,"show_two_cards":true,"show_secondary_image":true,"show_sku":false,"show_vendor":true,"show_desc":false,"show_color_swatch":false,"product_variant_type":"color","image_ratio":"portrait","image_fit":"cover","color_scheme":"","enable_filtering":true,"filter_type":"horizontal","enable_per_row_button":true,"default_per_row":"large","enable_sorting":true,"image_filter_ratio":"4\/5","image_filter_fit":"cover","image_filter_columns":4,"padding_top":"no-indent","padding_bottom":"s"}},"newsletter_GizzPP":{"type":"newsletter","settings":{"color_scheme":"","position":"left","heading":"NEW STOCK? BE FIRST TO KNOW.","text":"<p>Receive updates for new items and bag them before anyone else.<\/p>","newsletter_text":"<p>By subscribing you accept our <a href=\"\/pages\/privacy-policy\" target=\"_blank\" title=\"PRIVACY POLICY\">Privacy Policy<\/a>.<\/p>","button_style":"primary","margin_top":"s","margin_bottom":"s","padding_top":"no-indent","padding_bottom":"no-indent"}},"brands_8TytfD":{"type":"brands","blocks":{"logo_r6TMVh":{"type":"logo","settings":{"image_1":"shopify:\/\/shop_images\/Palm-Angels-Logo-Basement-88.png","image_width":100,"brand_link":""}},"logo_qemrGr":{"type":"logo","settings":{"image_1":"shopify:\/\/shop_images\/Balenciaga-Logo-Basement-88.png","image_width":100,"brand_link":""}},"logo_DURJXt":{"type":"logo","settings":{"image_1":"shopify:\/\/shop_images\/Gucci-Logo-Basement-88.png","image_width":100,"brand_link":""}},"logo_WUCrJp":{"type":"logo","settings":{"image_1":"shopify:\/\/shop_images\/Loewe-Logo-Basement-88.png","image_width":100,"brand_link":""}},"logo_A9qHEC":{"type":"logo","settings":{"image_1":"shopify:\/\/shop_images\/Bottega-Veneta-Logo-Basement-88.png","image_width":100,"brand_link":""}},"logo_GVUy7L":{"type":"logo","settings":{"image_1":"shopify:\/\/shop_images\/Off-White-Logo-Basement-88.png","image_width":100,"brand_link":""}},"logo_pbFexA":{"type":"logo","settings":{"image_1":"shopify:\/\/shop_images\/Amiri-Logo-Basement-88_c1334f71-aa08-42ec-a550-e4a3e2976465.png","image_width":100,"brand_link":""}},"logo_rPd3w6":{"type":"logo","settings":{"image_1":"shopify:\/\/shop_images\/Raf-Simons-Logo-Basement-88.png","image_width":100,"brand_link":""}},"logo_8MPk9t":{"type":"logo","settings":{"image_1":"shopify:\/\/shop_images\/Dior-Logo-Basement-88_84794fe2-d679-4f09-8432-d0d2869a77ce.png","image_width":100,"brand_link":""}},"logo_TLH4Vz":{"type":"logo","settings":{"image_1":"shopify:\/\/shop_images\/Saint-Laurent-Logo-Basement-88.png","image_width":100,"brand_link":""}},"logo_dgr6xx":{"type":"logo","settings":{"image_1":"shopify:\/\/shop_images\/y3-Logo-Basement-88.png","image_width":100,"brand_link":""}},"logo_KfTm4g":{"type":"logo","settings":{"image_1":"shopify:\/\/shop_images\/CP-Company-Logo-Basement-88.png","image_width":100,"brand_link":""}},"logo_9CG6DN":{"type":"logo","settings":{"image_1":"shopify:\/\/shop_images\/Moncler-Logo-Basement-88.png","image_width":100,"brand_link":""}},"logo_RPj76t":{"type":"logo","settings":{"image_1":"shopify:\/\/shop_images\/Dolce-_-Gabanna-Logo-Basement-88.png","image_width":100,"brand_link":""}},"logo_e8xUEq":{"type":"logo","settings":{"image_1":"shopify:\/\/shop_images\/essentials-fear-of-god-logo-png_seeklogo-429199.png","image_width":100,"brand_link":""}},"logo_px9dn6":{"type":"logo","settings":{"image_1":"shopify:\/\/shop_images\/Louis-Vuitton-Logo-Basement-88.png","image_width":100,"brand_link":""}}},"block_order":["logo_r6TMVh","logo_qemrGr","logo_DURJXt","logo_WUCrJp","logo_A9qHEC","logo_GVUy7L","logo_pbFexA","logo_rPd3w6","logo_8MPk9t","logo_TLH4Vz","logo_dgr6xx","logo_KfTm4g","logo_9CG6DN","logo_RPj76t","logo_e8xUEq","logo_px9dn6"],"settings":{"ticker_speed":25,"margin_top":"xs","margin_bottom":"xs"}},"slider_with_info_Pc4XGy":{"type":"slider-with-info","blocks":{"image_block_cypaMK":{"type":"image_block","settings":{"image":"shopify:\/\/shop_images\/3b-sports-icon-reversible-puffer-jacket_ffb7c6d4-5b1e-446e-82c6-8cde8255c6db.jpg"}},"image_block_rjzXmQ":{"type":"image_block","settings":{"image":"shopify:\/\/shop_images\/reversible-fabric-trench-coat_2338351f-51f2-4bf2-9f4e-4b26ba6b6614.jpg"}},"image_block_87g9tV":{"type":"image_block","settings":{"image":"shopify:\/\/shop_images\/stretch-acrylic-shorts_e2b7c50c-27a8-4645-bbfc-82e3a8498512.jpg"}},"image_block_yAnVmK":{"type":"image_block","settings":{"image":"shopify:\/\/shop_images\/pyramid-logo-hoodie_14fa22e9-eee6-45b9-b793-b6737892bba7.jpg"}},"image_block_yBw4Tq":{"type":"image_block","settings":{"image":"shopify:\/\/shop_images\/wavy-gg-cotton-jumper.jpg"}},"image_block_EdtdLb":{"type":"image_block","settings":{"image":"shopify:\/\/shop_images\/shorts-skirts_1575aab8-9041-495a-ad74-e80e32f4687a.jpg"}},"heading_block_3htztw":{"type":"heading_block","settings":{"heading":"OVER 40,000 PRODUCTS","description":"<p>Browse leading fashion brands and get the look today.<\/p><p>We stock thousands of unique items from industry-defining designers, but once they're gone, <em>they're gone<\/em>.<\/p>","subheading":"SHOP NOW"}}},"block_order":["image_block_cypaMK","image_block_rjzXmQ","image_block_87g9tV","image_block_yAnVmK","image_block_yBw4Tq","image_block_EdtdLb","heading_block_3htztw"],"settings":{"section_header_type":"type2","enable_border_top":true,"subheading":"","heading":"LEADING FASHION. LIMITED PIECES.","description":"","button_label":"SHOP ALL","button_link":"shopify:\/\/collections\/all","button_style":"primary","button_arrow":true,"is_autoplay":true,"stop_autoplay":true,"show_arrows":true,"slideshow_speed":1.1,"slideshow_delay":3,"image_ratio":"portrait","margin_top":"s","margin_bottom":"s"}},"17392096783286d83a":{"type":"apps","blocks":{"essential_trust_badges_app_block_mX9NnL":{"type":"shopify:\/\/apps\/essential-trust-badges\/blocks\/app-block\/0ff65b25-07e1-408e-950f-f54dd3d1751b","settings":{"banner_display":"all","banner_id":""}}},"block_order":["essential_trust_badges_app_block_mX9NnL"],"settings":{"include_margins":true}},"1739209635fd7fd4bf":{"type":"apps","settings":{"include_margins":true}}},"order":["rich_text_XzYVWR","banner","product-grid","newsletter_GizzPP","brands_8TytfD","slider_with_info_Pc4XGy","17392096783286d83a","1739209635fd7fd4bf"]}