{"sections":{"banner":{"type":"main-collection-banner","disabled":true,"settings":{"collection_list":[],"add_word":"Collection","show_word":false,"show_collection_description":false,"description_products":"hdhdhdhdh","image_size":"square","show_collection_image":false}},"collection_grid_gGkg4R":{"type":"collection-grid","blocks":{"categories_zVp6MR":{"type":"categories","settings":{"collection":"mens-jackets","button_label":"Button label","button_link":"","button_arrow":true,"column_start":1,"column_end":2,"row_start":"unset","row_end":"unset"}},"categories_TPCRin":{"type":"categories","settings":{"collection":"mens-coats","button_label":"Button label","button_link":"","button_arrow":true,"column_start":3,"column_end":4,"row_start":"unset","row_end":"unset"}}},"block_order":["categories_zVp6MR","categories_TPCRin"],"settings":{"section_header_type":"type1","show_arrows":true,"enable_border_top":true,"subheading":"DISCOVER","heading":"{{ collection.title }}","description":"<p>SHOP NEW AND LIMITED DESIGNER ITEMS<\/p>","button_label":"","button_link":"","button_style":"primary","button_arrow":false,"section_layout":"grid","is_autoplay":true,"slider_per_row":2,"slider_speed":1.1,"slider_delay":3,"columns":4,"blocks_spacing":"m","image_ratio":"square","card_type":"overlay","hover_effect":"zoom","text_horizontal":"center","overlay_opacity":20,"heading_size":"h2","desc_size":"medium-font","text_animation":false,"show_collection_desc":false,"show_collection_button":false,"margin_top":"s","margin_bottom":"s"}},"product-grid":{"type":"main-collection-product-grid","settings":{"products_per_page":6,"show_two_cards":false,"show_secondary_image":true,"show_sku":false,"show_vendor":true,"show_desc":false,"show_color_swatch":false,"product_variant_type":"color","image_ratio":"portrait","image_fit":"cover","color_scheme":"","enable_filtering":true,"filter_type":"vertical","enable_per_row_button":true,"default_per_row":"small","enable_sorting":true,"image_filter_ratio":"4\/5","image_filter_fit":"cover","image_filter_columns":3,"padding_top":"s","padding_bottom":"s"}},"slider_with_info_Pc4XGy":{"type":"slider-with-info","blocks":{"image_block_cypaMK":{"type":"image_block","settings":{"image":"shopify:\/\/shop_images\/3b-sports-icon-reversible-puffer-jacket_ffb7c6d4-5b1e-446e-82c6-8cde8255c6db.jpg"}},"image_block_rjzXmQ":{"type":"image_block","settings":{"image":"shopify:\/\/shop_images\/reversible-fabric-trench-coat_2338351f-51f2-4bf2-9f4e-4b26ba6b6614.jpg"}},"image_block_87g9tV":{"type":"image_block","settings":{"image":"shopify:\/\/shop_images\/stretch-acrylic-shorts_e2b7c50c-27a8-4645-bbfc-82e3a8498512.jpg"}},"image_block_yAnVmK":{"type":"image_block","settings":{"image":"shopify:\/\/shop_images\/pyramid-logo-hoodie_14fa22e9-eee6-45b9-b793-b6737892bba7.jpg"}},"image_block_yBw4Tq":{"type":"image_block","settings":{"image":"shopify:\/\/shop_images\/wavy-gg-cotton-jumper.jpg"}},"image_block_EdtdLb":{"type":"image_block","settings":{"image":"shopify:\/\/shop_images\/shorts-skirts_1575aab8-9041-495a-ad74-e80e32f4687a.jpg"}},"heading_block_3htztw":{"type":"heading_block","settings":{"heading":"OVER 40,000 PRODUCTS","description":"<p>Browse leading fashion brands and get the look today.<\/p><p>We stock thousands of unique items from industry-defining designers, but once they're gone, <em>they're gone<\/em>.<\/p>","subheading":"SHOP NOW"}}},"block_order":["image_block_cypaMK","image_block_rjzXmQ","image_block_87g9tV","image_block_yAnVmK","image_block_yBw4Tq","image_block_EdtdLb","heading_block_3htztw"],"settings":{"section_header_type":"type2","enable_border_top":true,"subheading":"","heading":"LEADING FASHION. LIMITED PIECES.","description":"","button_label":"SHOP ALL","button_link":"shopify:\/\/collections\/all","button_style":"primary","button_arrow":true,"is_autoplay":true,"stop_autoplay":true,"show_arrows":true,"slideshow_speed":1.1,"slideshow_delay":3,"image_ratio":"portrait","margin_top":"s","margin_bottom":"s"}},"17392096783286d83a":{"type":"apps","blocks":{"essential_trust_badges_app_block_mX9NnL":{"type":"shopify:\/\/apps\/essential-trust-badges\/blocks\/app-block\/0ff65b25-07e1-408e-950f-f54dd3d1751b","settings":{"banner_display":"all","banner_id":""}}},"block_order":["essential_trust_badges_app_block_mX9NnL"],"settings":{"include_margins":true}},"1739209635fd7fd4bf":{"type":"apps","settings":{"include_margins":true}}},"order":["banner","collection_grid_gGkg4R","product-grid","slider_with_info_Pc4XGy","17392096783286d83a","1739209635fd7fd4bf"]}