{"sections":{"banner":{"type":"main-collection-banner","disabled":true,"settings":{"collection_list":[],"add_word":"Collection","show_word":false,"show_collection_description":true,"description_products":"","image_size":"landscape","show_collection_image":false}},"collection_grid_TNeaa9":{"type":"collection-grid","blocks":{"categories_dATzfU":{"type":"categories","settings":{"collection":"mens-coats","button_label":"Button label","button_link":"","button_arrow":true,"column_start":1,"column_end":2,"row_start":"unset","row_end":"unset"}},"categories_KQkGKr":{"type":"categories","settings":{"collection":"mens-jackets","button_label":"Button label","button_link":"","button_arrow":true,"column_start":2,"column_end":3,"row_start":"1","row_end":"2"}},"categories_3qEDD3":{"type":"categories","settings":{"collection":"mens-vests-1","button_label":"Button label","button_link":"","button_arrow":true,"column_start":4,"column_end":5,"row_start":"1","row_end":"2"}},"categories_RXBPw7":{"type":"categories","settings":{"collection":"mens-hoodies-sweaters","button_label":"Button label","button_link":"","button_arrow":true,"column_start":3,"column_end":4,"row_start":"1","row_end":"2"}},"categories_JeHGCc":{"type":"categories","settings":{"collection":"mens-knitwear","button_label":"Button label","button_link":"","button_arrow":true,"column_start":1,"column_end":2,"row_start":"2","row_end":"2"}},"categories_teg4yj":{"type":"categories","settings":{"collection":"mens-suits","button_label":"Button label","button_link":"","button_arrow":true,"column_start":2,"column_end":3,"row_start":"2","row_end":"2"}},"categories_xV3EHK":{"type":"categories","settings":{"collection":"mens-shirts","button_label":"Button label","button_link":"","button_arrow":true,"column_start":3,"column_end":4,"row_start":"2","row_end":"2"}},"categories_BArrtH":{"type":"categories","settings":{"collection":"mens-t-shirts","button_label":"Button label","button_link":"","button_arrow":true,"column_start":4,"column_end":5,"row_start":"2","row_end":"2"}},"categories_bUBxK6":{"type":"categories","settings":{"collection":"mens-polo-shirts","button_label":"Button label","button_link":"","button_arrow":true,"column_start":1,"column_end":2,"row_start":"3","row_end":"3"}},"categories_Cfpxk6":{"type":"categories","settings":{"collection":"mens-jeans","button_label":"Button label","button_link":"","button_arrow":true,"column_start":2,"column_end":3,"row_start":"3","row_end":"3"}},"categories_4ANPhN":{"type":"categories","settings":{"collection":"mens-trousers-1","button_label":"Button label","button_link":"","button_arrow":true,"column_start":3,"column_end":4,"row_start":"3","row_end":"3"}},"categories_qC6BRB":{"type":"categories","settings":{"collection":"mens-shorts","button_label":"Button label","button_link":"","button_arrow":true,"column_start":4,"column_end":5,"row_start":"3","row_end":"3"}},"categories_jUT9Wi":{"type":"categories","settings":{"collection":"mens-swimwear","button_label":"Button label","button_link":"","button_arrow":true,"column_start":1,"column_end":2,"row_start":"4","row_end":"4"}},"categories_VeHiRi":{"type":"categories","settings":{"collection":"mens-hats","button_label":"Button label","button_link":"","button_arrow":true,"column_start":2,"column_end":3,"row_start":"4","row_end":"4"}},"categories_XGtTbF":{"type":"categories","settings":{"collection":"mens-eyewear","button_label":"Button label","button_link":"","button_arrow":true,"column_start":3,"column_end":4,"row_start":"4","row_end":"4"}},"categories_ygdVRn":{"type":"categories","settings":{"collection":"mens-sneakers-1","button_label":"Button label","button_link":"","button_arrow":true,"column_start":4,"column_end":5,"row_start":"4","row_end":"4"}},"categories_zQiNVk":{"type":"categories","settings":{"collection":"mens-boots","button_label":"Button label","button_link":"","button_arrow":true,"column_start":1,"column_end":2,"row_start":"5","row_end":"5"}},"categories_jXfL9a":{"type":"categories","settings":{"collection":"mens-lace-ups","button_label":"Button label","button_link":"","button_arrow":true,"column_start":2,"column_end":3,"row_start":"5","row_end":"5"}},"categories_6HcH6h":{"type":"categories","settings":{"collection":"mens-sandals-slippers","button_label":"Button label","button_link":"","button_arrow":true,"column_start":3,"column_end":4,"row_start":"5","row_end":"5"}},"categories_NNaQiT":{"type":"categories","settings":{"collection":"mens-belts","button_label":"Button label","button_link":"","button_arrow":true,"column_start":4,"column_end":5,"row_start":"5","row_end":"5"}},"categories_7LXwiy":{"type":"categories","settings":{"collection":"mens-backpacks","button_label":"Button label","button_link":"","button_arrow":true,"column_start":1,"column_end":2,"row_start":"6","row_end":"6"}},"categories_ThRXk4":{"type":"categories","settings":{"collection":"mens-bags","button_label":"Button label","button_link":"","button_arrow":true,"column_start":2,"column_end":3,"row_start":"6","row_end":"6"}},"categories_gHyY6k":{"type":"categories","settings":{"collection":"mens-briefcases","button_label":"Button label","button_link":"","button_arrow":true,"column_start":3,"column_end":4,"row_start":"6","row_end":"6"}},"categories_Cz3h7a":{"type":"categories","settings":{"collection":"mens-beachwear","button_label":"Button label","button_link":"","button_arrow":true,"column_start":4,"column_end":5,"row_start":"6","row_end":"6"}},"categories_VXNcPL":{"type":"categories","settings":{"collection":"mens-necklaces","button_label":"Button label","button_link":"","button_arrow":true,"column_start":1,"column_end":2,"row_start":"7","row_end":"7"}},"categories_DMJ7Hj":{"type":"categories","settings":{"collection":"mens-rings","button_label":"Button label","button_link":"","button_arrow":true,"column_start":2,"column_end":3,"row_start":"7","row_end":"7"}},"categories_wnmNyD":{"type":"categories","settings":{"collection":"mens-bracelets","button_label":"Button label","button_link":"","button_arrow":true,"column_start":3,"column_end":4,"row_start":"7","row_end":"7"}},"categories_WVtWVQ":{"type":"categories","settings":{"collection":"mens-underwear","button_label":"Button label","button_link":"","button_arrow":true,"column_start":4,"column_end":5,"row_start":"7","row_end":"7"}},"categories_7EqpmQ":{"type":"categories","settings":{"collection":"mens-socks","button_label":"Button label","button_link":"","button_arrow":true,"column_start":1,"column_end":2,"row_start":"8","row_end":"8"}},"categories_9mQhiw":{"type":"categories","settings":{"collection":"mens-scarves","button_label":"Button label","button_link":"","button_arrow":true,"column_start":2,"column_end":3,"row_start":"8","row_end":"8"}},"categories_44t8K4":{"type":"categories","settings":{"collection":"mens-gloves","button_label":"Button label","button_link":"","button_arrow":true,"column_start":3,"column_end":4,"row_start":"8","row_end":"8"}},"categories_FnPete":{"type":"categories","settings":{"collection":"cardholders-1","button_label":"Button label","button_link":"","button_arrow":true,"column_start":4,"column_end":5,"row_start":"8","row_end":"8"}}},"block_order":["categories_dATzfU","categories_KQkGKr","categories_3qEDD3","categories_RXBPw7","categories_JeHGCc","categories_teg4yj","categories_xV3EHK","categories_BArrtH","categories_bUBxK6","categories_Cfpxk6","categories_4ANPhN","categories_qC6BRB","categories_jUT9Wi","categories_VeHiRi","categories_XGtTbF","categories_ygdVRn","categories_zQiNVk","categories_jXfL9a","categories_6HcH6h","categories_NNaQiT","categories_7LXwiy","categories_ThRXk4","categories_gHyY6k","categories_Cz3h7a","categories_VXNcPL","categories_DMJ7Hj","categories_wnmNyD","categories_WVtWVQ","categories_7EqpmQ","categories_9mQhiw","categories_44t8K4","categories_FnPete"],"settings":{"section_header_type":"type1","show_arrows":true,"enable_border_top":true,"subheading":"SHOP","heading":"{{ collection.title }}","description":"<p>Explore thousands of the latest limited designer pieces at up to 60% discount.<\/p>","button_label":"","button_link":"","button_style":"primary","button_arrow":false,"section_layout":"grid","is_autoplay":true,"slider_per_row":2,"slider_speed":1.1,"slider_delay":3,"columns":4,"blocks_spacing":"m","image_ratio":"square","card_type":"overlay","hover_effect":"zoom","text_horizontal":"center","overlay_opacity":20,"heading_size":"h2","desc_size":"small-font","text_animation":false,"show_collection_desc":false,"show_collection_button":false,"margin_top":"s","margin_bottom":"s"}},"rich_text_NJbzm4":{"type":"rich-text","blocks":{"heading_QNHFJh":{"type":"heading","settings":{"heading":"BROWSE ALL {{ collection.title }}","heading_size":"h2"}}},"block_order":["heading_QNHFJh"],"settings":{"color_scheme":"","full_width":true,"content_horizontal":"center","margin_top":"no-indent","margin_bottom":"no-indent","padding_top":"no-indent","padding_bottom":"no-indent"}},"product-grid":{"type":"main-collection-product-grid","settings":{"products_per_page":6,"show_two_cards":false,"show_secondary_image":true,"show_sku":false,"show_vendor":true,"show_desc":false,"show_color_swatch":false,"product_variant_type":"color","image_ratio":"portrait","image_fit":"cover","color_scheme":"","enable_filtering":true,"filter_type":"vertical","enable_per_row_button":true,"default_per_row":"small","enable_sorting":true,"image_filter_ratio":"4\/5","image_filter_fit":"cover","image_filter_columns":3,"padding_top":"no-indent","padding_bottom":"l"}},"newsletter_XhR6Rd":{"type":"newsletter","settings":{"color_scheme":"","position":"left","heading":"BE FIRST TO KNOW.","text":"<p>Get notified each time we drop new products in store. Because once they're gone, <em>they're gone<\/em>.<\/p>","newsletter_text":"<p>By subscribing you agree to our <a href=\"\/pages\/terms-conditions\" target=\"_blank\" title=\"GENERAL CONDITIONS OF SALE\">General Terms<\/a> and <a href=\"\/pages\/privacy-policy\" title=\"PRIVACY POLICY\">Privacy Policy<\/a>.<\/p>","button_style":"primary","margin_top":"no-indent","margin_bottom":"s","padding_top":"no-indent","padding_bottom":"no-indent"}},"slider_with_info_pmWUxx":{"type":"slider-with-info","blocks":{"image_block_7TDEaA":{"type":"image_block","settings":{"image":"shopify:\/\/shop_images\/logo-zip-up-hoodie_7e750f49-f4cc-4ead-bc2f-541bb273017b.jpg"}},"image_block_geKh8K":{"type":"image_block","settings":{"image":"shopify:\/\/shop_images\/jil-sander-hoodie_c0797176-662d-4846-b1d1-58c435da54bd.jpg"}},"image_block_nbtWi9":{"type":"image_block","settings":{"image":"shopify:\/\/shop_images\/logo-cotton-t-shirt_2d390fd0-09c0-4d92-b538-712824baab10.jpg"}},"image_block_Pm3neF":{"type":"image_block","settings":{"image":"shopify:\/\/shop_images\/greenbo-reversible-bomber_d9974676-5709-4db0-bdf3-a00d0663c304.jpg"}},"image_block_TwTFJ9":{"type":"image_block","settings":{"image":"shopify:\/\/shop_images\/embroidered-logo-oversized-t-shirt_83fda393-cffe-4548-9336-4730293c5483.jpg"}},"heading_block_mwkipf":{"type":"heading_block","settings":{"heading":"OVER 40,000 PRODUCTS","description":"<p>Browse leading fashion brands and get the look today.<\/p><p>We stock thousands of unique items from industry-defining designers, but once they're gone, <em>they're gone<\/em>.<\/p>","subheading":"SHOP NOW"}}},"block_order":["image_block_7TDEaA","image_block_geKh8K","image_block_nbtWi9","image_block_Pm3neF","image_block_TwTFJ9","heading_block_mwkipf"],"settings":{"section_header_type":"type2","enable_border_top":true,"subheading":"","heading":"LEADING FASHION. LIMITED PIECES.","description":"","button_label":"","button_link":"","button_style":"primary","button_arrow":false,"is_autoplay":true,"stop_autoplay":true,"show_arrows":true,"slideshow_speed":1.1,"slideshow_delay":3,"image_ratio":"portrait","margin_top":"s","margin_bottom":"s"}},"17392096783286d83a":{"type":"apps","blocks":{"essential_trust_badges_app_block_mX9NnL":{"type":"shopify:\/\/apps\/essential-trust-badges\/blocks\/app-block\/0ff65b25-07e1-408e-950f-f54dd3d1751b","settings":{"banner_display":"all","banner_id":""}}},"block_order":["essential_trust_badges_app_block_mX9NnL"],"settings":{"include_margins":true}},"1739209635fd7fd4bf":{"type":"apps","settings":{"include_margins":true}}},"order":["banner","collection_grid_TNeaa9","rich_text_NJbzm4","product-grid","newsletter_XhR6Rd","slider_with_info_pmWUxx","17392096783286d83a","1739209635fd7fd4bf"]}