{"sections":{"banner":{"type":"main-collection-banner","settings":{"collection_list":[],"add_word":"Collection","show_word":false,"show_collection_description":false,"description_products":"","image_size":"landscape","show_collection_image":false}},"product-grid":{"type":"main-collection-product-grid","settings":{"products_per_page":12,"show_two_cards":false,"show_secondary_image":true,"show_sku":false,"show_vendor":true,"show_desc":false,"show_color_swatch":false,"product_variant_type":"color","image_ratio":"portrait","image_fit":"contain","color_scheme":"","enable_filtering":true,"filter_type":"vertical","enable_per_row_button":true,"default_per_row":"small","enable_sorting":true,"image_filter_ratio":"4\/5","image_filter_fit":"cover","image_filter_columns":3,"padding_top":"no-indent","padding_bottom":"l"}},"slider_with_info_Pc4XGy":{"type":"slider-with-info","blocks":{"image_block_cypaMK":{"type":"image_block","settings":{"image":"shopify:\/\/shop_images\/balenciaga-sweatshirt_90376c7e-aa03-47f7-9fda-7f73932aedb0.jpg"}},"image_block_rjzXmQ":{"type":"image_block","settings":{"image":"shopify:\/\/shop_images\/moncler-rick-owens-outershirt_8a2166ee-4e36-4ab2-8368-36fefd4447a8.jpg"}},"image_block_87g9tV":{"type":"image_block","settings":{"image":"shopify:\/\/shop_images\/valentino-t-shirt_a925daf0-3a11-49fd-8c39-f9dfa8e22542.jpg"}},"image_block_yAnVmK":{"type":"image_block","settings":{"image":"shopify:\/\/shop_images\/brunello-cucinelli-polo-shirt_6ea6fdbd-3a5c-4371-bf9e-1ffb05c9e9d3.jpg"}},"image_block_yBw4Tq":{"type":"image_block","settings":{"image":"shopify:\/\/shop_images\/dolce-gabbana-dress_78ce7a5b-7e6a-4211-85d6-8e26beba5794.jpg"}},"image_block_EdtdLb":{"type":"image_block","settings":{"image":"shopify:\/\/shop_images\/saint-laurent-solferino_70589f40-4ce6-449f-b2c3-0632fe17ee83.jpg"}},"heading_block_3htztw":{"type":"heading_block","settings":{"heading":"OVER 40,000 PRODUCTS","description":"<p>Browse leading fashion brands and get the look today.<\/p><p>We stock thousands of unique items from industry-defining designers, but once they're gone, <em>they're gone<\/em>.<\/p>","subheading":"SHOP NOW"}}},"block_order":["image_block_cypaMK","image_block_rjzXmQ","image_block_87g9tV","image_block_yAnVmK","image_block_yBw4Tq","image_block_EdtdLb","heading_block_3htztw"],"settings":{"section_header_type":"type2","enable_border_top":true,"subheading":"","heading":"LEADING FASHION. LIMITED PIECES.","description":"","button_label":"SHOP ALL","button_link":"shopify:\/\/collections\/all","button_style":"primary","button_arrow":true,"is_autoplay":true,"stop_autoplay":true,"show_arrows":true,"slideshow_speed":1.1,"slideshow_delay":3,"image_ratio":"portrait","margin_top":"s","margin_bottom":"s"}},"17392096783286d83a":{"type":"apps","blocks":{"essential_trust_badges_app_block_mX9NnL":{"type":"shopify:\/\/apps\/essential-trust-badges\/blocks\/app-block\/0ff65b25-07e1-408e-950f-f54dd3d1751b","settings":{"banner_display":"all","banner_id":""}}},"block_order":["essential_trust_badges_app_block_mX9NnL"],"settings":{"include_margins":true}},"1739209635fd7fd4bf":{"type":"apps","settings":{"include_margins":true}},"products_grid_XwKqcQ":{"type":"products-grid","settings":{"heading":"NEW ARRIVALS","description":"<p>DON'T MISS OUT<\/p>","alignment":"center","products_per_page":4,"sort":"date_reversed","show_two_cards":false,"show_secondary_image":true,"show_sku":false,"show_vendor":true,"show_desc":false,"show_color_swatch":false,"image_ratio":"portrait","image_fit":"cover","padding_top":"s","padding_bottom":"s"}}},"order":["banner","product-grid","slider_with_info_Pc4XGy","17392096783286d83a","1739209635fd7fd4bf","products_grid_XwKqcQ"]}