{"sections":{"banner":{"type":"main-collection-banner","disabled":true,"settings":{"collection_list":[],"add_word":"Collection","show_word":false,"show_collection_description":true,"description_products":"","image_size":"landscape","show_collection_image":false}},"collection_grid_TNeaa9":{"type":"collection-grid","blocks":{"categories_dATzfU":{"type":"categories","settings":{"collection":"womens-coats","button_label":"Button label","button_link":"","button_arrow":true,"column_start":1,"column_end":2,"row_start":"unset","row_end":"unset"}},"categories_KQkGKr":{"type":"categories","settings":{"collection":"womens-jackets","button_label":"Button label","button_link":"","button_arrow":true,"column_start":2,"column_end":3,"row_start":"1","row_end":"2"}},"categories_3qEDD3":{"type":"categories","settings":{"collection":"womens-outerwear","button_label":"Button label","button_link":"","button_arrow":true,"column_start":4,"column_end":5,"row_start":"1","row_end":"2"}},"categories_RXBPw7":{"type":"categories","settings":{"collection":"womens-hoodies-sweaters","button_label":"Button label","button_link":"","button_arrow":true,"column_start":3,"column_end":4,"row_start":"1","row_end":"2"}},"categories_JeHGCc":{"type":"categories","settings":{"collection":"womens-knitwear","button_label":"Button label","button_link":"","button_arrow":true,"column_start":1,"column_end":2,"row_start":"2","row_end":"2"}},"categories_teg4yj":{"type":"categories","settings":{"collection":"womens-suits","button_label":"Button label","button_link":"","button_arrow":true,"column_start":2,"column_end":3,"row_start":"2","row_end":"2"}},"categories_xV3EHK":{"type":"categories","settings":{"collection":"womens-shirts","button_label":"Button label","button_link":"","button_arrow":true,"column_start":3,"column_end":4,"row_start":"2","row_end":"2"}},"categories_BArrtH":{"type":"categories","settings":{"collection":"womens-t-shirts","button_label":"Button label","button_link":"","button_arrow":true,"column_start":4,"column_end":5,"row_start":"2","row_end":"2"}},"categories_bUBxK6":{"type":"categories","settings":{"collection":"womens-vests","button_label":"Button label","button_link":"","button_arrow":true,"column_start":1,"column_end":2,"row_start":"3","row_end":"3"}},"categories_Cfpxk6":{"type":"categories","settings":{"collection":"womens-jeans","button_label":"Button label","button_link":"","button_arrow":true,"column_start":2,"column_end":3,"row_start":"3","row_end":"3"}},"categories_4ANPhN":{"type":"categories","settings":{"collection":"womens-trousers","button_label":"Button label","button_link":"","button_arrow":true,"column_start":3,"column_end":4,"row_start":"3","row_end":"3"}},"categories_qC6BRB":{"type":"categories","settings":{"collection":"womens-shorts","button_label":"Button label","button_link":"","button_arrow":true,"column_start":4,"column_end":5,"row_start":"3","row_end":"3"}},"categories_jUT9Wi":{"type":"categories","settings":{"collection":"womens-3","button_label":"Button label","button_link":"","button_arrow":true,"column_start":1,"column_end":2,"row_start":"4","row_end":"4"}},"categories_VeHiRi":{"type":"categories","settings":{"collection":"womens-maxi-dresses","button_label":"Button label","button_link":"","button_arrow":true,"column_start":2,"column_end":3,"row_start":"4","row_end":"4"}},"categories_XGtTbF":{"type":"categories","settings":{"collection":"womens-midi-dresses","button_label":"Button label","button_link":"","button_arrow":true,"column_start":3,"column_end":4,"row_start":"4","row_end":"4"}},"categories_ygdVRn":{"type":"categories","settings":{"collection":"womens-mini-dresses","button_label":"Button label","button_link":"","button_arrow":true,"column_start":4,"column_end":5,"row_start":"4","row_end":"4"}},"categories_zQiNVk":{"type":"categories","settings":{"collection":"sneakers","button_label":"Button label","button_link":"","button_arrow":true,"column_start":1,"column_end":2,"row_start":"5","row_end":"5"}},"categories_jXfL9a":{"type":"categories","settings":{"collection":"womens-boots","button_label":"Button label","button_link":"","button_arrow":true,"column_start":2,"column_end":3,"row_start":"5","row_end":"5"}},"categories_6HcH6h":{"type":"categories","settings":{"collection":"womens-pumps","button_label":"Button label","button_link":"","button_arrow":true,"column_start":3,"column_end":4,"row_start":"5","row_end":"5"}},"categories_NNaQiT":{"type":"categories","settings":{"collection":"womens-sandals","button_label":"Button label","button_link":"","button_arrow":true,"column_start":4,"column_end":5,"row_start":"5","row_end":"5"}},"categories_7LXwiy":{"type":"categories","settings":{"collection":"womens-flats","button_label":"Button label","button_link":"","button_arrow":true,"column_start":1,"column_end":2,"row_start":"6","row_end":"6"}},"categories_ThRXk4":{"type":"categories","settings":{"collection":"womens-loafers","button_label":"Button label","button_link":"","button_arrow":true,"column_start":2,"column_end":3,"row_start":"6","row_end":"6"}},"categories_gHyY6k":{"type":"categories","settings":{"collection":"womens-mules","button_label":"Button label","button_link":"","button_arrow":true,"column_start":3,"column_end":4,"row_start":"6","row_end":"6"}},"categories_Cz3h7a":{"type":"categories","settings":{"collection":"womens-crossbody-shoulder-bags","button_label":"Button label","button_link":"","button_arrow":true,"column_start":4,"column_end":5,"row_start":"6","row_end":"6"}},"categories_VXNcPL":{"type":"categories","settings":{"collection":"womens-handbags","button_label":"Button label","button_link":"","button_arrow":true,"column_start":1,"column_end":2,"row_start":"7","row_end":"7"}},"categories_DMJ7Hj":{"type":"categories","settings":{"collection":"womens-tote-bags","button_label":"Button label","button_link":"","button_arrow":true,"column_start":2,"column_end":3,"row_start":"7","row_end":"7"}},"categories_wnmNyD":{"type":"categories","settings":{"collection":"womens-mini-bags","button_label":"Button label","button_link":"","button_arrow":true,"column_start":3,"column_end":4,"row_start":"7","row_end":"7"}},"categories_WVtWVQ":{"type":"categories","settings":{"collection":"womens-clutch-bags","button_label":"Button label","button_link":"","button_arrow":true,"column_start":4,"column_end":5,"row_start":"7","row_end":"7"}},"categories_7EqpmQ":{"type":"categories","settings":{"collection":"womens-necklaces","button_label":"Button label","button_link":"","button_arrow":true,"column_start":1,"column_end":2,"row_start":"8","row_end":"8"}},"categories_9mQhiw":{"type":"categories","settings":{"collection":"womens-bracelets","button_label":"Button label","button_link":"","button_arrow":true,"column_start":2,"column_end":3,"row_start":"8","row_end":"8"}},"categories_44t8K4":{"type":"categories","settings":{"collection":"womens-rings","button_label":"Button label","button_link":"","button_arrow":true,"column_start":3,"column_end":4,"row_start":"8","row_end":"8"}},"categories_FnPete":{"type":"categories","settings":{"collection":"womens-earrings","button_label":"Button label","button_link":"","button_arrow":true,"column_start":4,"column_end":5,"row_start":"8","row_end":"8"}},"categories_frP9nC":{"type":"categories","settings":{"collection":"womens-scarves","button_label":"Button label","button_link":"","button_arrow":true,"column_start":1,"column_end":2,"row_start":"unset","row_end":"unset"}},"categories_KCrWrB":{"type":"categories","settings":{"collection":"womens-swimwear","button_label":"Button label","button_link":"","button_arrow":true,"column_start":2,"column_end":3,"row_start":"unset","row_end":"unset"}},"categories_GVqPkp":{"type":"categories","settings":{"collection":"womens-beachwear","button_label":"Button label","button_link":"","button_arrow":true,"column_start":3,"column_end":4,"row_start":"unset","row_end":"unset"}},"categories_QwkD6k":{"type":"categories","settings":{"collection":"womens-hats","button_label":"Button label","button_link":"","button_arrow":true,"column_start":4,"column_end":5,"row_start":"unset","row_end":"unset"}},"categories_YPKcxi":{"type":"categories","settings":{"collection":"womens-glasses","button_label":"Button label","button_link":"","button_arrow":true,"column_start":1,"column_end":2,"row_start":"unset","row_end":"unset"}},"categories_zmMTxj":{"type":"categories","settings":{"collection":"womens-sunglasses","button_label":"Button label","button_link":"","button_arrow":true,"column_start":2,"column_end":3,"row_start":"unset","row_end":"unset"}},"categories_pUGJGq":{"type":"categories","settings":{"collection":"womens-belts","button_label":"Button label","button_link":"","button_arrow":true,"column_start":3,"column_end":4,"row_start":"unset","row_end":"unset"}},"categories_6Naja3":{"type":"categories","settings":{"collection":"womens-underwear","button_label":"Button label","button_link":"","button_arrow":true,"column_start":4,"column_end":5,"row_start":"unset","row_end":"unset"}},"categories_G88Cti":{"type":"categories","settings":{"collection":"womens-socks-tights","button_label":"Button label","button_link":"","button_arrow":true,"column_start":1,"column_end":2,"row_start":"unset","row_end":"unset"}},"categories_mBAhNn":{"type":"categories","settings":{"collection":"womens-beauty-accessories","button_label":"Button label","button_link":"","button_arrow":true,"column_start":2,"column_end":3,"row_start":"unset","row_end":"unset"}}},"block_order":["categories_dATzfU","categories_KQkGKr","categories_3qEDD3","categories_RXBPw7","categories_JeHGCc","categories_teg4yj","categories_xV3EHK","categories_BArrtH","categories_bUBxK6","categories_Cfpxk6","categories_4ANPhN","categories_qC6BRB","categories_jUT9Wi","categories_VeHiRi","categories_XGtTbF","categories_ygdVRn","categories_zQiNVk","categories_jXfL9a","categories_6HcH6h","categories_NNaQiT","categories_7LXwiy","categories_ThRXk4","categories_gHyY6k","categories_Cz3h7a","categories_VXNcPL","categories_DMJ7Hj","categories_wnmNyD","categories_WVtWVQ","categories_7EqpmQ","categories_9mQhiw","categories_44t8K4","categories_FnPete","categories_frP9nC","categories_KCrWrB","categories_GVqPkp","categories_QwkD6k","categories_YPKcxi","categories_zmMTxj","categories_pUGJGq","categories_6Naja3","categories_G88Cti","categories_mBAhNn"],"disabled":true,"settings":{"section_header_type":"type1","show_arrows":true,"enable_border_top":true,"subheading":"SHOP","heading":"{{ collection.title }}","description":"<p>Explore thousands of the latest limited designer pieces at up to 60% discount.<\/p>","button_label":"","button_link":"","button_style":"primary","button_arrow":false,"section_layout":"grid","is_autoplay":true,"slider_per_row":2,"slider_speed":1.1,"slider_delay":3,"columns":4,"blocks_spacing":"m","image_ratio":"square","card_type":"overlay","hover_effect":"zoom","text_horizontal":"center","overlay_opacity":20,"heading_size":"h2","desc_size":"small-font","text_animation":false,"show_collection_desc":false,"show_collection_button":false,"margin_top":"s","margin_bottom":"s"}},"rich_text_NJbzm4":{"type":"rich-text","blocks":{"heading_QNHFJh":{"type":"heading","settings":{"heading":"BROWSE ALL {{ collection.title }}","heading_size":"h2"}}},"block_order":["heading_QNHFJh"],"settings":{"color_scheme":"","full_width":true,"content_horizontal":"center","margin_top":"no-indent","margin_bottom":"no-indent","padding_top":"no-indent","padding_bottom":"no-indent"}},"product-grid":{"type":"main-collection-product-grid","settings":{"products_per_page":12,"show_two_cards":false,"show_secondary_image":true,"show_sku":false,"show_vendor":true,"show_desc":false,"show_color_swatch":false,"product_variant_type":"color","image_ratio":"portrait","image_fit":"cover","color_scheme":"","enable_filtering":true,"filter_type":"vertical","enable_per_row_button":true,"default_per_row":"small","enable_sorting":true,"image_filter_ratio":"4\/5","image_filter_fit":"cover","image_filter_columns":3,"padding_top":"no-indent","padding_bottom":"l"}},"newsletter_XhR6Rd":{"type":"newsletter","settings":{"color_scheme":"","position":"left","heading":"BE FIRST TO KNOW.","text":"<p>Get notified each time we drop new products in store. Because once they're gone, <em>they're gone<\/em>.<\/p>","newsletter_text":"<p>By subscribing you agree to our <a href=\"\/pages\/terms-conditions\" target=\"_blank\" title=\"GENERAL CONDITIONS OF SALE\">General Terms<\/a> and <a href=\"\/pages\/privacy-policy\" title=\"PRIVACY POLICY\">Privacy Policy<\/a>.<\/p>","button_style":"primary","margin_top":"no-indent","margin_bottom":"s","padding_top":"no-indent","padding_bottom":"no-indent"}},"slider_with_info_pmWUxx":{"type":"slider-with-info","blocks":{"image_block_nbtWi9":{"type":"image_block","settings":{"image":"shopify:\/\/shop_images\/tank-dress-in-tulle_604ae934-afa1-4845-9af4-022ee711ed6d.jpg"}},"image_block_geKh8K":{"type":"image_block","settings":{"image":"shopify:\/\/shop_images\/pequin-cotton-blouse.jpg"}},"image_block_TwTFJ9":{"type":"image_block","settings":{"image":"shopify:\/\/shop_images\/activewear-leggings-in-matte-spandex.jpg"}},"image_block_Pm3neF":{"type":"image_block","settings":{"image":"shopify:\/\/shop_images\/melange-tailored-blazer_f8ae921a-93d8-4f56-95b4-d89f59d421a6.jpg"}},"image_block_7TDEaA":{"type":"image_block","settings":{"image":"shopify:\/\/shop_images\/classic-oversized-denim-shirt_24158564-0913-4fad-aae8-a9f35565ca06.jpg"}},"heading_block_mwkipf":{"type":"heading_block","settings":{"heading":"OVER 40,000 PRODUCTS","description":"<p>Browse leading fashion brands and get the look today.<\/p><p>We stock thousands of unique items from industry-defining designers, but once they're gone, <em>they're gone<\/em>.<\/p>","subheading":"SHOP NOW"}}},"block_order":["image_block_nbtWi9","image_block_geKh8K","image_block_TwTFJ9","image_block_Pm3neF","image_block_7TDEaA","heading_block_mwkipf"],"settings":{"section_header_type":"type2","enable_border_top":true,"subheading":"","heading":"LEADING FASHION. LIMITED PIECES.","description":"","button_label":"","button_link":"","button_style":"primary","button_arrow":false,"is_autoplay":true,"stop_autoplay":true,"show_arrows":true,"slideshow_speed":1.1,"slideshow_delay":1,"image_ratio":"portrait","margin_top":"s","margin_bottom":"s"}},"17392096783286d83a":{"type":"apps","blocks":{"essential_trust_badges_app_block_mX9NnL":{"type":"shopify:\/\/apps\/essential-trust-badges\/blocks\/app-block\/0ff65b25-07e1-408e-950f-f54dd3d1751b","settings":{"banner_display":"all","banner_id":""}}},"block_order":["essential_trust_badges_app_block_mX9NnL"],"settings":{"include_margins":true}},"1739209635fd7fd4bf":{"type":"apps","settings":{"include_margins":true}}},"order":["banner","collection_grid_TNeaa9","rich_text_NJbzm4","product-grid","newsletter_XhR6Rd","slider_with_info_pmWUxx","17392096783286d83a","1739209635fd7fd4bf"]}