{"sections":{"banner":{"type":"main-collection-banner","disabled":true,"settings":{"collection_list":[],"add_word":"Collection","show_word":false,"show_collection_description":true,"description_products":"","image_size":"landscape","show_collection_image":false}},"collection_grid_TNeaa9":{"type":"collection-grid","blocks":{"categories_dATzfU":{"type":"categories","settings":{"collection":"home","button_label":"Button label","button_link":"","button_arrow":true,"column_start":1,"column_end":2,"row_start":"unset","row_end":"unset"}},"categories_6VqT3a":{"type":"categories","settings":{"collection":"","button_label":"Button label","button_link":"","button_arrow":true,"column_start":2,"column_end":3,"row_start":"unset","row_end":"unset"}},"categories_RXBPw7":{"type":"categories","settings":{"collection":"","button_label":"Button label","button_link":"","button_arrow":true,"column_start":3,"column_end":4,"row_start":"unset","row_end":"unset"}}},"block_order":["categories_dATzfU","categories_6VqT3a","categories_RXBPw7"],"disabled":true,"settings":{"section_header_type":"type1","show_arrows":true,"enable_border_top":true,"subheading":"Subheading","heading":"Heading","description":"<p>Description<\/p>","button_label":"Button label","button_link":"","button_style":"primary","button_arrow":false,"section_layout":"grid","is_autoplay":true,"slider_per_row":2,"slider_speed":1.1,"slider_delay":3,"columns":2,"blocks_spacing":"m","image_ratio":"square","card_type":"overlay","hover_effect":"zoom","text_horizontal":"center","overlay_opacity":20,"heading_size":"h2","desc_size":"medium-font","text_animation":true,"show_collection_desc":true,"show_collection_button":true,"margin_top":"no-indent","margin_bottom":"l"}},"product-grid":{"type":"main-collection-product-grid","settings":{"products_per_page":12,"show_two_cards":false,"show_secondary_image":true,"show_sku":false,"show_vendor":true,"show_desc":false,"show_color_swatch":false,"product_variant_type":"color","image_ratio":"portrait","image_fit":"cover","color_scheme":"","enable_filtering":true,"filter_type":"vertical","enable_per_row_button":true,"default_per_row":"small","enable_sorting":true,"image_filter_ratio":"4\/5","image_filter_fit":"cover","image_filter_columns":3,"padding_top":"no-indent","padding_bottom":"l"}},"17392096783286d83a":{"type":"apps","blocks":{"essential_trust_badges_app_block_mX9NnL":{"type":"shopify:\/\/apps\/essential-trust-badges\/blocks\/app-block\/0ff65b25-07e1-408e-950f-f54dd3d1751b","settings":{"banner_display":"all","banner_id":""}}},"block_order":["essential_trust_badges_app_block_mX9NnL"],"settings":{"include_margins":true}},"1739209635fd7fd4bf":{"type":"apps","settings":{"include_margins":true}}},"order":["banner","collection_grid_TNeaa9","product-grid","17392096783286d83a","1739209635fd7fd4bf"]}