{"sections":{"slideshow_pmM8Xw":{"type":"slideshow","blocks":{"slideshow_item_qxmGpr":{"type":"slideshow_item","settings":{"image":"shopify:\/\/shop_images\/HOME_TO_ICONIC_FASHION._1.png","image_second":"shopify:\/\/shop_images\/BASEMENT_88_LOGOTYPES_NEW_1.png","color_scheme":"background-1","subheading":"","heading":"","text":"","button_label":"SHOP NOW","button_link":"https:\/\/basement88.com\/collections\/all?sort_by=best-selling","button_style":"primary","button_arrow":true,"overlay_opacity":10,"article":""}}},"block_order":["slideshow_item_qxmGpr"],"settings":{"section_header_type":"type1","enable_border_top":false,"subheading":"","heading":"","description":"","button_label":"","button_link":"","button_style":"primary","button_arrow":false,"section_layout":"full","section_alignment":"left","vertical_alignment":"flex-end","container_size":"large","image_size":"medium","is_autoplay":false,"show_pagination":true,"slideshow_speed":1.1,"slideshow_delay":3,"margin_top":"xs","margin_bottom":"xs"}},"ticker_pJiiCW":{"type":"ticker","blocks":{"media_block_q84f8P":{"type":"media_block","settings":{"heading":"","image":"shopify:\/\/shop_images\/Palm-Angels-Logo-Basement-88.png","ticker_link":"shopify:\/\/collections\/palm-angels","social_icon":"none"}},"media_block_N6ByDX":{"type":"media_block","settings":{"heading":"","image":"shopify:\/\/shop_images\/Dolce-_-Gabanna-Logo-Basement-88.png","ticker_link":"shopify:\/\/collections\/dolce-gabbana","social_icon":"none"}},"media_block_zyjkee":{"type":"media_block","settings":{"heading":"","image":"shopify:\/\/shop_images\/y3-Logo-Basement-88.png","ticker_link":"","social_icon":"none"}},"media_block_qBEMWa":{"type":"media_block","settings":{"heading":"","image":"shopify:\/\/shop_images\/Bottega-Veneta-Logo-Basement-88.png","ticker_link":"shopify:\/\/collections\/bottega-veneta","social_icon":"none"}},"media_block_dytCTE":{"type":"media_block","settings":{"heading":"","image":"shopify:\/\/shop_images\/Off-White-Logo-Basement-88.png","ticker_link":"shopify:\/\/collections\/off-white","social_icon":"none"}},"media_block_xPzY7X":{"type":"media_block","settings":{"heading":"","image":"shopify:\/\/shop_images\/Amiri-Logo-Basement-88_93f80945-f630-4991-a229-2cf76169f564.png","ticker_link":"shopify:\/\/collections\/amiri","social_icon":"none"}},"media_block_zcjDPM":{"type":"media_block","settings":{"heading":"","image":"shopify:\/\/shop_images\/Balenciaga-Logo-Basement-88.png","ticker_link":"shopify:\/\/collections\/balenciaga","social_icon":"none"}},"media_block_AdPfM7":{"type":"media_block","settings":{"heading":"","image":"shopify:\/\/shop_images\/CP-Company-Logo-Basement-88.png","ticker_link":"shopify:\/\/collections\/cp-company","social_icon":"none"}},"media_block_X6khfB":{"type":"media_block","settings":{"heading":"","image":"shopify:\/\/shop_images\/Dior-Logo-Basement-88_ed116317-221a-4f2a-8d04-832462de230f.png","ticker_link":"shopify:\/\/collections\/dior","social_icon":"none"}},"media_block_8fPBwn":{"type":"media_block","settings":{"heading":"","image":"shopify:\/\/shop_images\/Gucci-Logo-Basement-88_efd13726-d8e3-4bb8-82ed-d83a19d285a8.png","ticker_link":"shopify:\/\/collections\/gucci","social_icon":"none"}},"media_block_MAFfRQ":{"type":"media_block","settings":{"heading":"","image":"shopify:\/\/shop_images\/Louis-Vuitton-Logo-Basement-88.png","ticker_link":"","social_icon":"none"}},"media_block_hdmiRY":{"type":"media_block","settings":{"heading":"","image":"shopify:\/\/shop_images\/Loewe-Logo-Basement-88.png","ticker_link":"","social_icon":"none"}},"media_block_MFxf7L":{"type":"media_block","settings":{"heading":"","image":"shopify:\/\/shop_images\/Moncler-Logo-Basement-88.png","ticker_link":"shopify:\/\/collections\/moncler","social_icon":"none"}},"media_block_akhEaW":{"type":"media_block","settings":{"heading":"","image":"shopify:\/\/shop_images\/Raf-Simons-Logo-Basement-88.png","ticker_link":"","social_icon":"none"}},"media_block_nbJjVH":{"type":"media_block","settings":{"heading":"","image":"shopify:\/\/shop_images\/Saint-Laurent-Logo-Basement-88.png","ticker_link":"","social_icon":"none"}}},"block_order":["media_block_q84f8P","media_block_N6ByDX","media_block_zyjkee","media_block_qBEMWa","media_block_dytCTE","media_block_xPzY7X","media_block_zcjDPM","media_block_AdPfM7","media_block_X6khfB","media_block_8fPBwn","media_block_MAFfRQ","media_block_hdmiRY","media_block_MFxf7L","media_block_akhEaW","media_block_nbJjVH"],"settings":{"color_scheme":"","ticker_speed":13,"margin_top":"no-indent","margin_bottom":"no-indent","padding_top":"xs","padding_bottom":"xs","enable_border_top":false,"enable_border_bottom":false}},"grid_banner_ypaiDD":{"type":"grid-banner","blocks":{"column_9mLTjD":{"type":"column","settings":{"image":"shopify:\/\/shop_images\/miu-miu-wonder_5d315763-cf80-402c-a1f7-080d631790a8.jpg","overlay_opacity":20,"heading":"MIU MIU","heading_size":"h5","text":"","button_label":"SHOP NOW","button_link":"shopify:\/\/collections\/miu-miu","button_style":"tertiary","button_arrow":true,"column_start":1,"column_end":2,"row_start":"unset","row_end":"unset"}},"column_MyJaNJ":{"type":"column","settings":{"image":"shopify:\/\/shop_images\/gucci-sunglasses_7bace2f0-325f-4f3f-9353-25583f69e2db.jpg","overlay_opacity":20,"heading":"GUCCI","heading_size":"h5","text":"","button_label":"SHOP NOW","button_link":"shopify:\/\/collections\/gucci","button_style":"tertiary","button_arrow":true,"column_start":2,"column_end":3,"row_start":"unset","row_end":"unset"}},"column_WB767H":{"type":"column","settings":{"image":"shopify:\/\/shop_images\/brunello-cucinelli-duffle-bag_c4639011-435c-4057-901d-1d9afd247e45.jpg","overlay_opacity":20,"heading":"BRUNELLO CUCINELLI","heading_size":"h5","text":"","button_label":"SHOP NOW","button_link":"shopify:\/\/collections\/brunello-cucinelli","button_style":"tertiary","button_arrow":true,"column_start":3,"column_end":4,"row_start":"unset","row_end":"unset"}},"column_bh8LJ3":{"type":"column","settings":{"image":"shopify:\/\/shop_images\/fendi-jacket.jpg","overlay_opacity":20,"heading":"FENDI","heading_size":"h5","text":"","button_label":"SHOP NOW","button_link":"shopify:\/\/collections\/fendi","button_style":"tertiary","button_arrow":true,"column_start":4,"column_end":5,"row_start":"unset","row_end":"unset"}}},"block_order":["column_9mLTjD","column_MyJaNJ","column_WB767H","column_bh8LJ3"],"settings":{"columns":4,"color_scheme":"background-1","section_header_type":"type1","enable_border_top":true,"subheading":"EXPLORE","heading":"LEADING DESIGNERS","description":"<p>Discover thousands of new season designer items <\/p>","button_label":"ALL BRANDS","button_link":"shopify:\/\/collections\/all-designers","button_style":"tertiary","button_arrow":false,"image_ratio":"portrait","text_horizontal":"center","margin_top":"s","margin_bottom":"s","padding_top":"xs","padding_bottom":"xs"}},"1742908055150c168b":{"type":"apps","blocks":{"trustview_app_review_widget_8AJj4N":{"type":"shopify:\/\/apps\/trustview\/blocks\/app_review_widget\/bda8b0f7-273b-4b6e-ab43-02c3fec9d11a","settings":{"widget_design":"design1","widget_theme":"light","which_reviews_to_show":"only5","reviews_per_page":"5","show_reviews_on_mobile":true,"hide_trust_logo":false}}},"block_order":["trustview_app_review_widget_8AJj4N"],"settings":{"include_margins":true}},"17404797964bb13e43":{"type":"apps","blocks":{"essential_trust_badges_app_block_KFRVGE":{"type":"shopify:\/\/apps\/essential-trust-badges\/blocks\/app-block\/0ff65b25-07e1-408e-950f-f54dd3d1751b","settings":{"banner_display":"all","banner_id":""}}},"block_order":["essential_trust_badges_app_block_KFRVGE"],"settings":{"include_margins":true}},"grid_banner_yFRh8q":{"type":"grid-banner","blocks":{"column_MHK4gM":{"type":"column","settings":{"image":"shopify:\/\/shop_images\/gucci-handbag_6e8e7c9d-afff-4ef9-82bf-0923c1196785.jpg","overlay_opacity":20,"heading":"BAGS","heading_size":"h5","text":"","button_label":"SHOP NOW","button_link":"shopify:\/\/collections\/womens-bags","button_style":"tertiary","button_arrow":true,"column_start":1,"column_end":2,"row_start":"unset","row_end":"unset"}},"column_8jrkK7":{"type":"column","settings":{"image":"shopify:\/\/shop_images\/mvp-wardrobe-dress_2a425395-b08e-4c2a-b1b5-2ee3c2c20b52.jpg","overlay_opacity":20,"heading":"CLOTHING","heading_size":"h5","text":"","button_label":"SHOP NOW","button_link":"https:\/\/basement88.com\/collections\/womens-clothing","button_style":"tertiary","button_arrow":true,"column_start":2,"column_end":3,"row_start":"unset","row_end":"unset"}},"column_xc7A7x":{"type":"column","settings":{"image":"shopify:\/\/shop_images\/christian-louboutin-jenlove_f45107a7-4746-4458-b9af-168b167b067f.jpg","overlay_opacity":20,"heading":"SHOES","heading_size":"h5","text":"","button_label":"SHOP NOW","button_link":"https:\/\/basement88.com\/collections\/womens-footwear\/shoes","button_style":"tertiary","button_arrow":true,"column_start":3,"column_end":4,"row_start":"unset","row_end":"unset"}}},"block_order":["column_MHK4gM","column_8jrkK7","column_xc7A7x"],"settings":{"columns":3,"color_scheme":"","section_header_type":"type1","enable_border_top":false,"subheading":"","heading":"GET THE LOOK","description":"<p>Up to 60% less than RRP<\/p>","button_label":"","button_link":"shopify:\/\/collections","button_style":"primary","button_arrow":false,"image_ratio":"portrait","text_horizontal":"center","margin_top":"s","margin_bottom":"s","padding_top":"xs","padding_bottom":"xs"}},"grid_banner_gFR6Gy":{"type":"grid-banner","blocks":{"column_pDRziD":{"type":"column","settings":{"image":"shopify:\/\/shop_images\/HOME_TO_ICONIC_FASHION._2.png","overlay_opacity":20,"heading":"WOMENS","heading_size":"h3","text":"","button_label":"SHOP ALL","button_link":"shopify:\/\/collections\/womens","button_style":"tertiary","button_arrow":true,"column_start":1,"column_end":2,"row_start":"unset","row_end":"unset"}},"column_cLGqXd":{"type":"column","settings":{"image":"shopify:\/\/shop_images\/pexels-cottonbro-10679218.jpg","overlay_opacity":20,"heading":"MENS","heading_size":"h3","text":"","button_label":"SHOP ALL","button_link":"shopify:\/\/collections\/mens","button_style":"tertiary","button_arrow":true,"column_start":2,"column_end":3,"row_start":"unset","row_end":"unset"}}},"block_order":["column_pDRziD","column_cLGqXd"],"custom_css":[],"settings":{"columns":2,"color_scheme":"","section_header_type":"type1","enable_border_top":false,"subheading":"","heading":"","description":"","button_label":"","button_link":"","button_style":"primary","button_arrow":false,"image_ratio":"square","text_horizontal":"center","margin_top":"s","margin_bottom":"s","padding_top":"xs","padding_bottom":"xs"}},"popular_products_7LkbJf":{"type":"popular-products","disabled":true,"settings":{"product_list":[],"per_row":4,"section_header_type":"type1","heading":"NEW ARRIVALS","subheading":"","description":"<p>Bag brand new fashion for less<\/p>","enable_border_top":true,"button_label":"SHOP NEW ARRIVALS","button_link":"shopify:\/\/collections\/just-in","button_style":"primary","button_arrow":false,"autoplay":true,"stop_autoplay":true,"show_arrows":true,"slideshow_speed":1.1,"slideshow_delay":3,"image_ratio":"portrait","image_fit":"cover","show_two_cards":true,"show_sku":false,"show_vendor":true,"show_collection_name":false,"show_color_swatch":false,"product_variant_type":"color","show_desc":false,"margin_top":"s","margin_bottom":"s"}},"popular_products_9UciTG":{"type":"popular-products","settings":{"product_list":["leather-pablo-sneakers","high-aerobic-sneakers-color-neutro-size-45","hi-star-sneakers","oversized-sne-color-black-size-41"],"per_row":4,"section_header_type":"type1","heading":"SNEAKER SPOTLIGHT","subheading":"","description":"<p>This years hottest footwear releases<\/p>","enable_border_top":true,"button_label":"SHOP ALL SNEAKERS","button_link":"shopify:\/\/collections\/sneakers","button_style":"primary","button_arrow":false,"autoplay":true,"stop_autoplay":true,"show_arrows":true,"slideshow_speed":1.1,"slideshow_delay":1.7,"image_ratio":"portrait","image_fit":"cover","show_two_cards":true,"show_sku":false,"show_vendor":true,"show_collection_name":false,"show_color_swatch":false,"product_variant_type":"color","show_desc":false,"margin_top":"s","margin_bottom":"s"}},"grid_banner_L3aCME":{"type":"grid-banner","blocks":{"column_f4miBw":{"type":"column","settings":{"image":"shopify:\/\/shop_images\/BASEMENT_88_LOGOTYPES_NEW_2.png","overlay_opacity":20,"heading":"VALENTINO","heading_size":"h5","text":"<p>Browse the latest products from one of 2024's hottest designers<\/p>","button_label":"SHOP NOW","button_link":"","button_style":"tertiary","button_arrow":true,"column_start":1,"column_end":2,"row_start":"unset","row_end":"unset"}},"column_mGgE8B":{"type":"column","settings":{"image":"shopify:\/\/shop_images\/Basement_88_hero_image_1.png","overlay_opacity":20,"heading":"BOTTEGA VENETTA","heading_size":"h5","text":"<p>The FW24 collection is here and it's not one to miss<\/p>","button_label":"SHOP NOW","button_link":"shopify:\/\/collections\/bottega-veneta","button_style":"tertiary","button_arrow":true,"column_start":2,"column_end":3,"row_start":"unset","row_end":"unset"}}},"block_order":["column_f4miBw","column_mGgE8B"],"settings":{"columns":2,"color_scheme":"","section_header_type":"type1","enable_border_top":false,"subheading":"","heading":"","description":"","button_label":"","button_link":"","button_style":"primary","button_arrow":false,"image_ratio":"square","text_horizontal":"center","margin_top":"s","margin_bottom":"s","padding_top":"xs","padding_bottom":"xs"}},"countdown_Nz8Qih":{"type":"countdown","settings":{"section_layout":"full","section_flex_type":"type2","image_size":"small","color_scheme":"","video":"shopify:\/\/files\/videos\/8558879-uhd_4096_2160_25fps.mp4","subheading":"","heading":"READY, SET, RESTOCK.","text_animation":false,"description":"<p>Every day we add new curated products with limited quantities, first come first serve. Don't miss out.<\/p>","overlay_opacity":20,"time_zone":0,"date_picker":"2025-03-28","time_picker":"00:00","completed_countdown":"hide_section","countdown_heading":"Header after countdown","button_label":"GET NOTIFIED","button_link":"","button_style":"primary","button_arrow":false,"ticker_text":"new stock","color_scheme_ticker":"","ticker_speed":6,"margin_top":"s","margin_bottom":"s"}},"172869107185b85f01":{"type":"apps","settings":{"include_margins":true}},"ss_simple_faq_W6EHTF":{"type":"ss-simple-faq","blocks":{"text_g7x4Pf":{"type":"text","settings":{"question":"DO YOU DELIVER TO MY COUNTRY?","answer":"<p>We deliver worldwide, with items shipped via express and trackable from our warehouse in Italy straight to your door.<\/p>"}},"text_dpMq3f":{"type":"text","settings":{"question":"WHAT ABOUT SHIPPING AND TAXES?","answer":"<p>Enjoy completely free shipping worldwide! Import taxes and duties differ based on your delivery location, product weight and value, therefore we are unable to effectively calculate and pre-pay for these. Please check <a href=\"\/pages\/shipping-info\" target=\"_blank\" title=\"SHIPPING INFO\">here<\/a> for more information on import taxes and duties.<\/p>"}},"text_qELAwj":{"type":"text","settings":{"question":"ARE PRODUCTS GUARANTEED AUTHENTIC?","answer":"<p>We work with only reputable suppliers within Europe who guarantee product authenticity - All products are inspected meticulously by our packing team in Italy before being sent to customers. You can learn more <a href=\"\/pages\/about\" target=\"_blank\" title=\"About\">here<\/a>.<\/p>"}}},"block_order":["text_g7x4Pf","text_dpMq3f","text_qELAwj"],"settings":{"heading":"FAQ","icon_color":"#ffffff","hover_color":"#efefef","question_color":"#ffffff","background_color":"#060606","answer_color":"#000000","answer_bg_color":"#ffffff","questions-font-size":1.5}},"newsletter_gUQRQQ":{"type":"newsletter","disabled":true,"settings":{"color_scheme":"","position":"center","heading":"WIN A £100 GIFT VOUCHER","text":"<p>ENTER YOUR EMAIL TO JOIN THE DRAW ↓<\/p>","newsletter_text":"<p>By subscribing you agree to our <a href=\"\/pages\/privacy-policy\" target=\"_blank\" title=\"PRIVACY POLICY\">Privacy Policy<\/a>. Competition ends April 31st 2025, winner is picked at random and notified by email.<\/p>","button_style":"primary","margin_top":"xs","margin_bottom":"xs","padding_top":"xs","padding_bottom":"s"}},"featured-blogs":{"type":"featured-blogs","blocks":{"article_block_KprpXf":{"type":"article_block","settings":{"article":"news\/clarks-originals-x-liam-gallagher-reunite-for-limited-edition-desert-rain-release"}},"article_block_baG6LR":{"type":"article_block","settings":{"article":"news\/sarah-burton-returns-to-givenchy-s-roots-in-paris-fashion-week-debut"}},"article_block_8Pe4Y6":{"type":"article_block","settings":{"article":"news\/pantone-unveils-the-autumn-winter-2025-colour-trends"}},"article_block_n9cE3A":{"type":"article_block","settings":{"article":"news\/london-fashion-week-wraps-up-with-burberry-s-countryside-inspired-autumn-winter-collection"}}},"block_order":["article_block_KprpXf","article_block_baG6LR","article_block_8Pe4Y6","article_block_n9cE3A"],"settings":{"section_header_type":"type1","show_arrows":true,"enable_border_top":true,"subheading":"FASHION NEWS, CULTURE & EVENTS","heading":"BASEMENT BLOG","description":"","button_label":"","button_link":"","button_style":"primary","button_arrow":false,"section_layout":"slider","slider_per_row":4,"is_autoplay":true,"slider_speed":1.1,"slider_delay":3,"card_type":"default","hover_effect":"zoom","show_image":true,"show_tags":false,"show_date":false,"show_author":false,"show_excerpt":true,"show_btn":true,"image_ratio":"portrait","image_fit":"cover","margin_top":"s","margin_bottom":"s"}},"172869161830feca4e":{"type":"apps","blocks":{"instafeed_app_block_p3VHbx":{"type":"shopify:\/\/apps\/instafeed\/blocks\/app-block\/c447db20-095d-4a10-9725-b5977662c9d5","settings":{"title":"FOLLOW US ON IG","title_color":"#000000","title_size":20,"alignment":"center","margin_top":0,"background_color":"#060606","feed_id":"","html_area":""}}},"block_order":["instafeed_app_block_p3VHbx"],"disabled":true,"settings":{"include_margins":true}}},"order":["slideshow_pmM8Xw","ticker_pJiiCW","grid_banner_ypaiDD","1742908055150c168b","17404797964bb13e43","grid_banner_yFRh8q","grid_banner_gFR6Gy","popular_products_7LkbJf","popular_products_9UciTG","grid_banner_L3aCME","countdown_Nz8Qih","172869107185b85f01","ss_simple_faq_W6EHTF","newsletter_gUQRQQ","featured-blogs","172869161830feca4e"]}