{"sections":{"main":{"type":"main-list-collections","disabled":true,"settings":{"section_header_type":"type2","subheading":"","heading":"Collections","description":"","enable_border_top":true,"collection_per_page":9,"per_row":2,"sort":"alphabetical","image_ratio":"portrait","card_type":"overlay","hover_effect":"zoom","text_horizontal":"center","overlay_opacity":20,"heading_size":"h2","desc_size":"medium-font","text_animation":true,"show_collection_desc":true,"show_collection_button":true,"button_arrow":true,"margin_top":"no-indent","margin_bottom":"m"}},"collection_grid_GJcibB":{"type":"collection-grid","blocks":{"categories_p6nmfx":{"type":"categories","settings":{"collection":"womens","button_label":"SHOP ALL","button_link":"shopify:\/\/collections\/womens","button_arrow":true,"column_start":1,"column_end":2,"row_start":"unset","row_end":"unset"}},"categories_tTCDKk":{"type":"categories","settings":{"collection":"mens","button_label":"SHOP ALL","button_link":"shopify:\/\/collections\/mens","button_arrow":false,"column_start":2,"column_end":3,"row_start":"unset","row_end":"unset"}}},"block_order":["categories_p6nmfx","categories_tTCDKk"],"settings":{"section_header_type":"type1","show_arrows":true,"enable_border_top":true,"subheading":"EXPLORE","heading":"ALL COLLECTIONS","description":"<p>Shop over 40,000 designer items<\/p>","button_label":"","button_link":"","button_style":"primary","button_arrow":false,"section_layout":"grid","is_autoplay":true,"slider_per_row":2,"slider_speed":1.1,"slider_delay":3,"columns":2,"blocks_spacing":"m","image_ratio":"square","card_type":"overlay","hover_effect":"zoom","text_horizontal":"center","overlay_opacity":20,"heading_size":"h2","desc_size":"medium-font","text_animation":true,"show_collection_desc":false,"show_collection_button":true,"margin_top":"s","margin_bottom":"s"}}},"order":["main","collection_grid_GJcibB"]}