{"sections":{"main":{"type":"main-page","disabled":true,"settings":{"padding_top":"no-indent","padding_bottom":"no-indent"}},"form":{"type":"contact-form","blocks":{"contact-item-1":{"type":"text-block","settings":{"subheading":"COMPANY INFORMATION","description":"<p>BASEMENT 88 OPERATES UNDER CIRCULAR GLOBAL F.Z.C<\/p>"}},"contact-item-2":{"type":"text-block","settings":{"subheading":"COMPANY NUMBER","description":"<p>36767<\/p>"}},"contact-item-3":{"type":"text-block","settings":{"subheading":"COMPANY ADDRESS","description":"<p>AJMAN FREEZONE AUTHORITY, UNITED ARAB EMIRATES<\/p>"}},"text_block_DBnqTf":{"type":"text-block","settings":{"subheading":"COMPANY CONTACT","description":"<p>HELLO@BASEMENT88.COM<\/p>"}}},"block_order":["contact-item-1","contact-item-2","contact-item-3","text_block_DBnqTf"],"settings":{"heading":"SEND US A MESSAGE","description":"","enable_border_top":true,"form_heading":"WE'LL RESPOND AS SOON AS WE CAN.","form_desc":"","additional_text":"<p>BY SUBMITTING THIS MESSAGE, YOU AGREE TO THE <a href=\"\/pages\/terms-conditions\" target=\"_blank\" title=\"GENERAL CONDITIONS OF SALE\">TERMS OF USE<\/a> AND <a href=\"\/pages\/privacy-policy\" target=\"_blank\" title=\"PRIVACY POLICY\">PRIVACY POLICY<\/a>.<\/p>","margin_top":"no-indent","margin_bottom":"l"}}},"order":["main","form"]}