{"sections":{"about_CkiXEc":{"type":"about","settings":{"color_scheme":"background-2","heading":"ABOUT US","description":"","description_secondary":"","margin_top":"xs","margin_bottom":"xs","padding_top":"m","padding_bottom":"m"}},"tabs_nrwDTL":{"type":"tabs","blocks":{"tab_764YAg":{"type":"tab","settings":{"heading":"AUTHENTICITY","image":"shopify:\/\/shop_images\/gucci-scarf_6444aa06-40c2-401b-b2bc-ece579fcda0e.jpg","subheading":"","description":"Sourced from our strong connections in the luxury fashion market.","button_label":"","button_link":"shopify:\/\/pages\/about","button_style":"tertiary","button_arrow":true}},"tab_pXcDzd":{"type":"tab","settings":{"heading":"CUSTOMER SERVICE","image":"shopify:\/\/shop_images\/balenciaga-jacket_39108b7c-c686-4246-98a2-4fedae38a7bd.jpg","subheading":"","description":"We offer customers fast shipping, reliable tracking and a fair returns policy. Our team respond to all messages as quickly as we can.","button_label":"","button_link":"shopify:\/\/pages\/terms-conditions","button_style":"tertiary","button_arrow":true}},"tab_EAPif8":{"type":"tab","settings":{"heading":"INNOVATION","image":"shopify:\/\/shop_images\/off-white-shirt_938b6c14-a1d8-45e0-b953-091534d42481.jpg","subheading":"","description":"Our marketplace is constantly evolving, as we endeavour to provide customers with the best shopping experience possible.","button_label":"","button_link":"shopify:\/\/pages\/about","button_style":"tertiary","button_arrow":true}}},"block_order":["tab_764YAg","tab_pXcDzd","tab_EAPif8"],"settings":{"section_header_type":"type2","enable_border_top":true,"subheading":"","heading":"HOME TO ICONIC FASHION.","description":"<p>Basement 88 is the premier online marketplace to shop curated designer fashion for less.<\/p><p>We source authentic, unique and limited products often not available anywhere else, with price tags lower than high street retailers. Our deep connections with the luxury clothing market and our love for fashion means that we're always sourcing new designers and collections.<\/p><p><strong>Our brand tenets are:<\/strong><\/p>","button_label":"","button_link":"","button_style":"primary","button_arrow":false,"blocks_type":"type1","is_autoplay":true,"slider_speed":1.1,"slider_delay":3,"slide_effects":"fade","margin_top":"s","margin_bottom":"s"}},"collapsible_content_Wrtpm3":{"type":"collapsible-content","blocks":{"text_block_6aExFf":{"type":"text-block","settings":{"heading":"DO YOU OFFER FREE SHIPPING?","description":"<p>Yes you can enjoy free shipping worldwide for purchases over $200. <\/p>"}},"text_block_UjLbGE":{"type":"text-block","settings":{"heading":"DO YOU SHIP ANYWHERE IN THE WORLD?","description":"<p>Description Neque porro quisquam est qui dolorem ipsum quia dolor sit amet, consectetur, adipisci velit.<\/p>"}},"text_block_qNGHLq":{"type":"text-block","settings":{"heading":"WHAT IS YOUR RETURNS POLICY?","description":"<p>You can learn more about our returns policy <a href=\"\/pages\/returns-refunds\" target=\"_blank\" title=\"RETURNS & REFUNDS\">here<\/a>.<\/p>"}},"text_block_PqFGGA":{"type":"text-block","settings":{"heading":"HOW DO YOU GUARANTEE AUTHENTICITY?","description":"<p>Products come with original tags and packaging. We work with only reputable suppliers in Europe - Every product also undergoes rigorous inspection before being sent out to our customers.<\/p>"}},"text_block_TCPcDi":{"type":"text-block","settings":{"heading":"DO YOU HAVE AN AFFILIATE PROGRAM?","description":"<p>Yes we have an affiliate program, you can learn more and join Basement 88 <a href=\"\/pages\/about\" title=\"About\">here<\/a>.<\/p>"}},"text_block_hJXCAf":{"type":"text-block","settings":{"heading":"DO YOU HAVE A PHYSICAL STORE?","description":"<p>We are not selling at any physical locations just yet, but this is something to look out for in the future!<\/p>"}}},"block_order":["text_block_6aExFf","text_block_UjLbGE","text_block_qNGHLq","text_block_PqFGGA","text_block_TCPcDi","text_block_hJXCAf"],"settings":{"faqs_heading":"","faqs_desc":"","color_scheme":"background-1","show_image_content":true,"image":"shopify:\/\/shop_images\/gucci-jacket_7120f949-180c-4433-85fb-f5cb193350b7.jpg","subheading":"","heading":"FAQ","text_animation":true,"description":"","button_label":"","button_link":"shopify:\/\/pages\/contact","button_style":"primary","button_arrow":false,"margin_top":"s","margin_bottom":"s"}},"parallax_gallery_mD4pa9":{"type":"parallax-gallery","blocks":{"column_eiE9MY":{"type":"column","settings":{"image":"shopify:\/\/shop_images\/gb0514_a_young_white_man_walking_down_the_runway_wearing_dark_s_ad507ef9-07cd-48a9-b953-760b610c6f7f.png","image_ratio":"portrait"}},"column_iQG3Yd":{"type":"column","settings":{"image":"shopify:\/\/shop_images\/gb0514_a_medium_sized_warehouse_in_the_UK_for_shipping_clothes__49902f72-9e28-4126-88eb-d84e54673386.png","image_ratio":"landscape"}},"column_J6LxfY":{"type":"column","settings":{"image":"shopify:\/\/shop_images\/gb0514_a_close_up_image_of_a_mailing_bag_with_multiple_clothing_c687f488-bb2e-43c7-8c35-72b48a9eb42f.png","image_ratio":"square"}}},"block_order":["column_eiE9MY","column_iQG3Yd","column_J6LxfY"],"disabled":true,"settings":{"color_scheme":"","heading":"FROM RUNWAY TO STORE TO YOUR DOOR.","button_label":"","button_link":"","button_style":"primary","button_arrow":false,"margin_top":"no-indent","margin_bottom":"l","padding_top":"no-indent","padding_bottom":"no-indent"}},"main":{"type":"main-page","disabled":true,"settings":{"padding_top":"no-indent","padding_bottom":"no-indent"}}},"order":["about_CkiXEc","tabs_nrwDTL","collapsible_content_Wrtpm3","parallax_gallery_mD4pa9","main"]}