{"layout":"password","sections":{"slideshow_HGUc7L":{"type":"slideshow","blocks":{"slideshow_item_KDUCmX":{"type":"slideshow_item","settings":{"image":"shopify:\/\/shop_images\/gb0514_a_mid_20s_asian_woman_wearing_a_long_beige_trenchcoat_an_8479e9cb-703c-44a1-9639-d9103f7f1ac1.png","image_second":"shopify:\/\/shop_images\/BASEMENT_88_LOGOTYPES_NEW_1.png","color_scheme":"","subheading":"","heading":"HOME TO ICONIC FASHION.","text":"<p>EXPLORE THOUSANDS OF DESIGNER AND LUXURY ITEMS.<\/p>","button_label":"","button_link":"","button_style":"primary","button_arrow":true,"overlay_opacity":12,"article":""}}},"block_order":["slideshow_item_KDUCmX"],"settings":{"section_header_type":"type1","enable_border_top":false,"subheading":"","heading":"","description":"","button_label":"","button_link":"","button_style":"primary","button_arrow":false,"section_layout":"full","section_alignment":"left","vertical_alignment":"flex-end","container_size":"small","image_size":"medium","is_autoplay":false,"show_pagination":true,"slideshow_speed":1.1,"slideshow_delay":3,"margin_top":"s","margin_bottom":"s"}},"countdown_z4TUUM":{"type":"countdown","settings":{"section_layout":"full","section_flex_type":"type2","image_size":"large","color_scheme":"","image":"shopify:\/\/shop_images\/BASEMENT_88_LOGOTYPES_NEW_5.png","subheading":"","heading":"Now. UNIQUE. EXCLUSIVE.","text_animation":false,"description":"<p>Basement 88 is the new destination for the world's hottest fashion and luxury items.<\/p><p>We stock limited pieces and drop new products every week.<\/p><p>Join the club to get your hands on one-off items before anyone else.<\/p>","overlay_opacity":20,"time_zone":0,"date_picker":"2025-03-01","time_picker":"09:00","completed_countdown":"hide_section","countdown_heading":"Header after countdown","button_label":"","button_link":"","button_style":"primary","button_arrow":false,"ticker_text":"LAUNCHING FEBRUARY 2025","color_scheme_ticker":"","ticker_speed":30,"margin_top":"s","margin_bottom":"s"}},"main":{"type":"newsletter","settings":{"color_scheme":"","position":"center","heading":"","text":"","newsletter_text":"","button_style":"primary","margin_top":"no-indent","margin_bottom":"l","padding_top":"no-indent","padding_bottom":"no-indent"}}},"order":["slideshow_HGUc7L","countdown_z4TUUM","main"]}