{"sections":{"main":{"type":"main-product","blocks":{"tags":{"type":"tags","disabled":true,"settings":{}},"custom_liquid_8BrmzC":{"type":"custom_liquid","settings":{"custom_liquid":"<a href=\"{{ routes.collections_url }}\/{{ product.vendor | handleize }}\">\n  {{ product.vendor }}\n<\/a>"}},"title":{"type":"title","settings":{}},"custom_liquid_xVLnCw":{"type":"custom_liquid","disabled":true,"settings":{"custom_liquid":"{{ product.metafields.custom.badges }}"}},"price_zaDWzC":{"type":"price","settings":{}},"inventory_L4FEt9":{"type":"inventory","settings":{}},"description":{"type":"description","settings":{"description_heading":""}},"sku_NypcDA":{"type":"sku","disabled":true,"settings":{}},"variant_picker":{"type":"variant_picker","settings":{"picker_type":"button","product_variant_type":"color","show_size_guide":false,"size_guide_header":"Header","size_guide_decription":"","size_guide_text":"Size Guide","page":""}},"buy_buttons_VEdpLL":{"type":"buy_buttons","settings":{"show_dynamic_checkout":true,"show_quantity":true,"show_gift_card_recipient":false,"notification_modal":false,"modal_button_label":"Notify Me","heading":"Some heading","text":"<p>Some text<\/p>","button_label":"Customer Care","button_link":"","text_bottom":"<p>Some text<\/p>","button_label_2":"View Similar Products","button_link_2":""}},"essential_trust_badges_app_block_qH6VHE":{"type":"shopify:\/\/apps\/essential-trust-badges\/blocks\/app-block\/0ff65b25-07e1-408e-950f-f54dd3d1751b","settings":{"banner_display":"all","banner_id":"23e1a86e-455e-4c32-8b7c-b5610143659f"}}},"block_order":["tags","custom_liquid_8BrmzC","title","custom_liquid_xVLnCw","price_zaDWzC","inventory_L4FEt9","description","sku_NypcDA","variant_picker","buy_buttons_VEdpLL","essential_trust_badges_app_block_qH6VHE"],"settings":{"image_gallery_collage":"thumbnail_carousel","desktop_alignment":"left","mobile_alignment":"after","image_fit":"contain","enable_autoheight":false,"content_centered":false,"padding_top":"s","padding_bottom":"s"}},"product-recommendations":{"type":"product-recommendations","settings":{"products_to_show":8,"per_row":4,"section_header_type":"type1","subheading":"EXPLORE","heading":"RELATED PRODUCTS","description":"","enable_border_top":true,"button_label":"","button_link":"","button_style":"primary","button_arrow":false,"show_two_cards":true,"autoplay":false,"stop_autoplay":true,"show_arrows":false,"slideshow_speed":1.1,"slideshow_delay":3,"image_ratio":"portrait","image_fit":"contain","show_sku":false,"show_vendor":true,"show_collection_name":false,"show_color_swatch":false,"product_variant_type":"color","show_desc":false,"margin_top":"s","margin_bottom":"s"}},"popular_products_q4hexp":{"type":"popular-products","disabled":true,"settings":{"product_list":"{{ product.metafields.custom.more_from_brand_.value }}","per_row":4,"section_header_type":"type1","heading":"Heading","subheading":"Subheading","description":"","enable_border_top":true,"button_label":"","button_link":"","button_style":"primary","button_arrow":false,"autoplay":false,"stop_autoplay":true,"show_arrows":true,"slideshow_speed":1.1,"slideshow_delay":3,"image_ratio":"portrait","image_fit":"contain","show_two_cards":true,"show_sku":false,"show_vendor":false,"show_collection_name":true,"show_color_swatch":false,"product_variant_type":"color","show_desc":false,"margin_top":"no-indent","margin_bottom":"xs"}},"multicolumn_XNRF7e":{"type":"multicolumn","blocks":{"column_zxe4Cp":{"type":"column","settings":{"subheading":"VERIFIED &","heading":"AUTHENTIC","heading_size":"h3","text":"<p>We source and carefully inspect products from leading and recognised fashion suppliers around the world. All items are guaranteed new and authentic with tags.<\/p>","button_label":"","button_link":"","button_style":"tertiary","button_arrow":true}},"column_DWhcw9":{"type":"column","settings":{"subheading":"Rare &","heading":"EXCLUSIVE","heading_size":"h3","text":"<p>We dig deep into usually inaccessible corners of the fashion world to offer you one-of-a-kind items, including discontinued pieces and those not available in high street stores.<\/p>","button_label":"","button_link":"","button_style":"tertiary","button_arrow":true}},"column_G4L36P":{"type":"column","settings":{"subheading":"DISCOVER","heading":"40,000+ PRODUCTS","heading_size":"h3","text":"<p>We stock both the latest runway fashion and the classic world renowned products that your favourite luxury brands are famous for, all in the same place.<\/p>","button_label":"","button_link":"","button_style":"tertiary","button_arrow":true}}},"block_order":["column_zxe4Cp","column_DWhcw9","column_G4L36P"],"settings":{"color_scheme":"","multicolumn_to_show":3,"buton_show":"center","img_size":"small","swipe_on_mobile":true,"margin_top":"xs","margin_bottom":"xs","padding_top":"xs","padding_bottom":"xs"}},"17392009399c18d5c1":{"type":"apps","settings":{"include_margins":true}},"17286913743905fa06":{"type":"apps","disabled":true,"settings":{"include_margins":true}},"products_grid_BVbAan":{"type":"products-grid","disabled":true,"settings":{"heading":"TRENDING PRODUCTS","description":"","alignment":"center","products_per_page":4,"sort":"alphabetical","show_two_cards":true,"show_secondary_image":true,"show_sku":false,"show_vendor":true,"show_desc":false,"show_color_swatch":false,"image_ratio":"portrait","image_fit":"cover","padding_top":"m","padding_bottom":"m"}}},"order":["main","product-recommendations","popular_products_q4hexp","multicolumn_XNRF7e","17392009399c18d5c1","17286913743905fa06","products_grid_BVbAan"]}